School Year,Division Number,Division Name,School Number,School Name,Disadvantaged,FT Count,PT Count,Total Count
2025-2026,2,Albemarle County,160,Agnor Elementary,N,299,,299
2025-2026,2,Albemarle County,160,Agnor Elementary,Y,208,,208
2025-2026,2,Albemarle County,880,Albemarle High,N,"1,330",<,"1,333"
2025-2026,2,Albemarle County,880,Albemarle High,Y,575,<,576
2025-2026,2,Albemarle County,1053,Baker-Butler Elementary,N,501,,501
2025-2026,2,Albemarle County,1053,Baker-Butler Elementary,Y,185,,185
2025-2026,2,Albemarle County,100,Broadus Wood Elementary,N,223,,223
2025-2026,2,Albemarle County,100,Broadus Wood Elementary,Y,42,,42
2025-2026,2,Albemarle County,941,Brownsville Elementary,N,429,,429
2025-2026,2,Albemarle County,941,Brownsville Elementary,Y,75,,75
2025-2026,2,Albemarle County,890,Community Lab School,N,173,,173
2025-2026,2,Albemarle County,890,Community Lab School,Y,<,,<
2025-2026,2,Albemarle County,340,Crozet Elementary,N,476,,476
2025-2026,2,Albemarle County,340,Crozet Elementary,Y,91,,91
2025-2026,2,Albemarle County,10,Hollymead Elementary,N,361,,361
2025-2026,2,Albemarle County,10,Hollymead Elementary,Y,107,,107
2025-2026,2,Albemarle County,250,Ivy Elementary,N,338,,338
2025-2026,2,Albemarle County,250,Ivy Elementary,Y,31,,31
2025-2026,2,Albemarle County,69,Jackson P. Burley Middle,N,333,,333
2025-2026,2,Albemarle County,69,Jackson P. Burley Middle,Y,176,,176
2025-2026,2,Albemarle County,942,Joseph T. Henley Middle,N,784,,784
2025-2026,2,Albemarle County,942,Joseph T. Henley Middle,Y,88,,88
2025-2026,2,Albemarle County,950,Journey Middle,N,351,,351
2025-2026,2,Albemarle County,950,Journey Middle,Y,292,,292
2025-2026,2,Albemarle County,1051,Lakeside Middle,N,477,<,479
2025-2026,2,Albemarle County,1051,Lakeside Middle,Y,122,,122
2025-2026,2,Albemarle County,20,Leslie H. Walton Middle,N,250,,250
2025-2026,2,Albemarle County,20,Leslie H. Walton Middle,Y,114,,114
2025-2026,2,Albemarle County,40,Mary Carr Greer Elementary,N,253,,253
2025-2026,2,Albemarle County,40,Mary Carr Greer Elementary,Y,247,,247
2025-2026,2,Albemarle County,1052,Monticello High,N,807,<,808
2025-2026,2,Albemarle County,1052,Monticello High,Y,341,,341
2025-2026,2,Albemarle County,150,Mountain View Elementary,N,516,,516
2025-2026,2,Albemarle County,150,Mountain View Elementary,Y,243,,243
2025-2026,2,Albemarle County,540,Red Hill Elementary,N,125,,125
2025-2026,2,Albemarle County,540,Red Hill Elementary,Y,70,,70
2025-2026,2,Albemarle County,30,Scottsville Elementary,N,117,,117
2025-2026,2,Albemarle County,30,Scottsville Elementary,Y,96,,96
2025-2026,2,Albemarle County,920,Stone Robinson Elementary,N,312,,312
2025-2026,2,Albemarle County,920,Stone Robinson Elementary,Y,129,,129
2025-2026,2,Albemarle County,240,Stony Point Elementary,N,197,,197
2025-2026,2,Albemarle County,240,Stony Point Elementary,Y,55,,55
2025-2026,2,Albemarle County,910,Virginia L. Murray Elementary,N,240,,240
2025-2026,2,Albemarle County,910,Virginia L. Murray Elementary,Y,17,,17
2025-2026,2,Albemarle County,140,Western Albemarle High,N,"1,168",<,"1,170"
2025-2026,2,Albemarle County,140,Western Albemarle High,Y,138,<,139
2025-2026,2,Albemarle County,930,Woodbrook Elementary,N,216,,216
2025-2026,2,Albemarle County,930,Woodbrook Elementary,Y,326,,326
2025-2026,8,Augusta County,660,Buffalo Gap High,N,273,,273
2025-2026,8,Augusta County,660,Buffalo Gap High,Y,102,,102
2025-2026,8,Augusta County,650,Buffalo Gap Middle,N,201,,201
2025-2026,8,Augusta County,650,Buffalo Gap Middle,Y,94,,94
2025-2026,8,Augusta County,30,Cassell Elementary,N,388,,388
2025-2026,8,Augusta County,30,Cassell Elementary,Y,235,,235
2025-2026,8,Augusta County,140,Churchville Elementary,N,270,,270
2025-2026,8,Augusta County,140,Churchville Elementary,Y,156,,156
2025-2026,8,Augusta County,370,Craigsville Elementary,N,42,,42
2025-2026,8,Augusta County,370,Craigsville Elementary,Y,69,,69
2025-2026,8,Augusta County,842,Edward G. Clymore Elementary,N,517,,517
2025-2026,8,Augusta County,842,Edward G. Clymore Elementary,Y,288,,288
2025-2026,8,Augusta County,670,Fort Defiance High,N,486,<,488
2025-2026,8,Augusta County,670,Fort Defiance High,Y,232,,232
2025-2026,8,Augusta County,843,Guy K. Stump Elementary,N,295,,295
2025-2026,8,Augusta County,843,Guy K. Stump Elementary,Y,156,,156
2025-2026,8,Augusta County,40,North River Elementary,N,125,,125
2025-2026,8,Augusta County,40,North River Elementary,Y,90,,90
2025-2026,8,Augusta County,740,Riverheads Elementary,N,458,,458
2025-2026,8,Augusta County,740,Riverheads Elementary,Y,271,,271
2025-2026,8,Augusta County,680,Riverheads High,N,313,,313
2025-2026,8,Augusta County,680,Riverheads High,Y,130,,130
2025-2026,8,Augusta County,70,Riverheads Middle,N,258,,258
2025-2026,8,Augusta County,70,Riverheads Middle,Y,115,,115
2025-2026,8,Augusta County,90,S. Gordon Stewart Middle,N,324,,324
2025-2026,8,Augusta County,90,S. Gordon Stewart Middle,Y,186,,186
2025-2026,8,Augusta County,440,Stuarts Draft Elementary,N,410,,410
2025-2026,8,Augusta County,440,Stuarts Draft Elementary,Y,245,,245
2025-2026,8,Augusta County,730,Stuarts Draft High,N,451,,451
2025-2026,8,Augusta County,730,Stuarts Draft High,Y,197,,197
2025-2026,8,Augusta County,60,Stuarts Draft Middle,N,335,,335
2025-2026,8,Augusta County,60,Stuarts Draft Middle,Y,179,,179
2025-2026,8,Augusta County,640,Wilson Elementary,N,417,,417
2025-2026,8,Augusta County,640,Wilson Elementary,Y,265,,265
2025-2026,8,Augusta County,720,Wilson Memorial High,N,541,,541
2025-2026,8,Augusta County,720,Wilson Memorial High,Y,272,,272
2025-2026,8,Augusta County,844,Wilson Middle,N,413,<,414
2025-2026,8,Augusta County,844,Wilson Middle,Y,202,,202
2025-2026,15,Buckingham County,724,Buckingham Co Elementary,N,154,,154
2025-2026,15,Buckingham County,724,Buckingham Co Elementary,Y,193,,193
2025-2026,15,Buckingham County,20,Buckingham Co Prekindergarten Center,N,48,,48
2025-2026,15,Buckingham County,20,Buckingham Co Prekindergarten Center,Y,42,,42
2025-2026,15,Buckingham County,723,Buckingham Co Primary,N,136,,136
2025-2026,15,Buckingham County,723,Buckingham Co Primary,Y,209,,209
2025-2026,15,Buckingham County,700,Buckingham County High,N,322,,322
2025-2026,15,Buckingham County,700,Buckingham County High,Y,267,,267
2025-2026,15,Buckingham County,721,Buckingham County Middle,N,183,,183
2025-2026,15,Buckingham County,721,Buckingham County Middle,Y,202,,202
2025-2026,104,Charlottesville City,140,Charlottesville High,N,887,<,890
2025-2026,104,Charlottesville City,140,Charlottesville High,Y,556,,556
2025-2026,104,Charlottesville City,100,Charlottesville Middle,N,345,<,346
2025-2026,104,Charlottesville City,100,Charlottesville Middle,Y,227,,227
2025-2026,104,Charlottesville City,90,Greenbrier Elementary,N,173,,173
2025-2026,104,Charlottesville City,90,Greenbrier Elementary,Y,92,,92
2025-2026,104,Charlottesville City,120,Jackson-Via Elementary,N,182,,182
2025-2026,104,Charlottesville City,120,Jackson-Via Elementary,Y,176,,176
2025-2026,104,Charlottesville City,50,Summit Elementary,N,90,,90
2025-2026,104,Charlottesville City,50,Summit Elementary,Y,200,,200
2025-2026,104,Charlottesville City,70,Sunrise Elementary,N,220,,220
2025-2026,104,Charlottesville City,70,Sunrise Elementary,Y,86,,86
2025-2026,104,Charlottesville City,10,Tall Oaks Elementary,N,143,,143
2025-2026,104,Charlottesville City,10,Tall Oaks Elementary,Y,135,,135
2025-2026,104,Charlottesville City,40,Trailblazer Elementary,N,186,,186
2025-2026,104,Charlottesville City,40,Trailblazer Elementary,Y,101,,101
2025-2026,104,Charlottesville City,110,Walker Upper Elementary,N,308,,308
2025-2026,104,Charlottesville City,110,Walker Upper Elementary,Y,250,,250
2025-2026,32,Fluvanna County,300,Carysbrook Elementary,N,312,,312
2025-2026,32,Fluvanna County,300,Carysbrook Elementary,Y,179,,179
2025-2026,32,Fluvanna County,310,Central Elementary,N,434,,434
2025-2026,32,Fluvanna County,310,Central Elementary,Y,306,,306
2025-2026,32,Fluvanna County,260,Fluvanna County High,N,928,,928
2025-2026,32,Fluvanna County,260,Fluvanna County High,Y,407,,407
2025-2026,32,Fluvanna County,320,Fluvanna Middle,N,500,,500
2025-2026,32,Fluvanna County,320,Fluvanna Middle,Y,240,,240
2025-2026,39,Greene County,20,Nathanael Greene Elementary,N,190,,190
2025-2026,39,Greene County,20,Nathanael Greene Elementary,Y,145,,145
2025-2026,39,Greene County,10,Nathanael Greene Primary,N,191,,191
2025-2026,39,Greene County,10,Nathanael Greene Primary,Y,161,,161
2025-2026,39,Greene County,30,Ruckersville Elementary,N,401,,401
2025-2026,39,Greene County,30,Ruckersville Elementary,Y,175,,175
2025-2026,39,Greene County,72,William Monroe High,N,483,<,485
2025-2026,39,Greene County,72,William Monroe High,Y,456,<,458
2025-2026,39,Greene County,71,William Monroe Middle,N,271,<,273
2025-2026,39,Greene County,71,William Monroe Middle,Y,345,,345
2025-2026,54,Louisa County,660,Jouett Elementary,N,430,,430
2025-2026,54,Louisa County,660,Jouett Elementary,Y,256,,256
2025-2026,54,Louisa County,602,Louisa County High,N,847,,847
2025-2026,54,Louisa County,602,Louisa County High,Y,724,,724
2025-2026,54,Louisa County,601,Louisa County Middle,N,643,,643
2025-2026,54,Louisa County,601,Louisa County Middle,Y,567,,567
2025-2026,54,Louisa County,80,Moss-Nuckols Elementary,N,375,,375
2025-2026,54,Louisa County,80,Moss-Nuckols Elementary,Y,284,,284
2025-2026,54,Louisa County,610,Thomas Jefferson Elementary,N,409,,409
2025-2026,54,Louisa County,610,Thomas Jefferson Elementary,Y,287,,287
2025-2026,54,Louisa County,641,Trevilians Elementary,N,329,,329
2025-2026,54,Louisa County,641,Trevilians Elementary,Y,231,,231
2025-2026,56,Madison County,221,Madison County High,N,373,,373
2025-2026,56,Madison County,221,Madison County High,Y,154,,154
2025-2026,56,Madison County,230,Madison Primary,N,217,,217
2025-2026,56,Madison County,230,Madison Primary,Y,153,,153
2025-2026,56,Madison County,200,Waverly Yowell Elementary,N,213,,213
2025-2026,56,Madison County,200,Waverly Yowell Elementary,Y,124,,124
2025-2026,56,Madison County,222,William H. Wetsel Middle,N,227,,227
2025-2026,56,Madison County,222,William H. Wetsel Middle,Y,111,,111
2025-2026,62,Nelson County,710,Nelson County High,N,239,<,240
2025-2026,62,Nelson County,710,Nelson County High,Y,238,,238
2025-2026,62,Nelson County,730,Nelson Middle,N,152,,152
2025-2026,62,Nelson County,730,Nelson Middle,Y,170,,170
2025-2026,62,Nelson County,10,Rockfish River Elementary,N,135,,135
2025-2026,62,Nelson County,10,Rockfish River Elementary,Y,170,,170
2025-2026,62,Nelson County,20,Tye River Elementary,N,138,,138
2025-2026,62,Nelson County,20,Tye River Elementary,Y,198,,198
2025-2026,68,Orange County,360,Gordon-Barbour Elementary,N,169,,169
2025-2026,68,Orange County,360,Gordon-Barbour Elementary,Y,148,,148
2025-2026,68,Orange County,70,Lightfoot Elementary,N,138,,138
2025-2026,68,Orange County,70,Lightfoot Elementary,Y,81,,81
2025-2026,68,Orange County,50,Locust Grove Elementary,N,351,,351
2025-2026,68,Orange County,50,Locust Grove Elementary,Y,216,,216
2025-2026,68,Orange County,471,Locust Grove Middle,N,439,,439
2025-2026,68,Orange County,471,Locust Grove Middle,Y,225,,225
2025-2026,68,Orange County,51,Locust Grove Primary,N,307,,307
2025-2026,68,Orange County,51,Locust Grove Primary,Y,127,,127
2025-2026,68,Orange County,330,Orange County High ,N,947,,947
2025-2026,68,Orange County,330,Orange County High ,Y,519,,519
2025-2026,68,Orange County,370,Orange Elementary,N,280,,280
2025-2026,68,Orange County,370,Orange Elementary,Y,327,,327
2025-2026,68,Orange County,340,Prospect Heights Middle,N,252,,252
2025-2026,68,Orange County,340,Prospect Heights Middle,Y,211,,211
2025-2026,68,Orange County,350,Unionville Elementary,N,152,,152
2025-2026,68,Orange County,350,Unionville Elementary,Y,92,,92
2025-2026,126,Staunton City,40,Arthur R. Ware Elementary,N,159,,159
2025-2026,126,Staunton City,40,Arthur R. Ware Elementary,Y,191,,191
2025-2026,126,Staunton City,70,Bessie Weller Elementary,N,142,,142
2025-2026,126,Staunton City,70,Bessie Weller Elementary,Y,266,,266
2025-2026,126,Staunton City,110,Shelburne Middle,N,272,,272
2025-2026,126,Staunton City,110,Shelburne Middle,Y,308,,308
2025-2026,126,Staunton City,41,Staunton City School PreSchool Programs,N,58,,58
2025-2026,126,Staunton City,41,Staunton City School PreSchool Programs,Y,91,,91
2025-2026,126,Staunton City,30,Staunton High,N,415,,415
2025-2026,126,Staunton City,30,Staunton High,Y,397,,397
2025-2026,126,Staunton City,90,Thomas C. McSwain Elementary,N,226,,226
2025-2026,126,Staunton City,90,Thomas C. McSwain Elementary,Y,224,,224
2025-2026,130,Waynesboro City,650,Berkeley Glenn Elementary ,N,131,,131
2025-2026,130,Waynesboro City,650,Berkeley Glenn Elementary ,Y,134,,134
2025-2026,130,Waynesboro City,640,Kate Collins Middle ,N,304,,304
2025-2026,130,Waynesboro City,640,Kate Collins Middle ,Y,310,,310
2025-2026,130,Waynesboro City,620,Wayne Hills Center,N,102,,102
2025-2026,130,Waynesboro City,620,Wayne Hills Center,Y,84,,84
2025-2026,130,Waynesboro City,600,Waynesboro High ,N,503,,503
2025-2026,130,Waynesboro City,600,Waynesboro High ,Y,396,,396
2025-2026,130,Waynesboro City,580,Wenonah Elementary ,N,79,,79
2025-2026,130,Waynesboro City,580,Wenonah Elementary ,Y,156,,156
2025-2026,130,Waynesboro City,630,Westwood Hills Elementary ,N,234,,234
2025-2026,130,Waynesboro City,630,Westwood Hills Elementary ,Y,166,,166
2025-2026,130,Waynesboro City,751,William Perry Elementary ,N,176,,176
2025-2026,130,Waynesboro City,751,William Perry Elementary ,Y,238,,238