year,division,cohort_All Students,cohort_Asian,cohort_Black,cohort_Hispanic,cohort_Multiple Races,cohort_White,advanced_diplomas_All Students,advanced_diplomas_Asian,advanced_diplomas_Black,advanced_diplomas_Hispanic,advanced_diplomas_Multiple Races,advanced_diplomas_White,percent_advanced_All Students,percent_advanced_Asian,percent_advanced_Black,percent_advanced_Hispanic,percent_advanced_Multiple Races,percent_advanced_White
2020,Accomack County Public Schools,361,NA,128,63,NA,164,154,NA,31,27,NA,92,42.65927977839335,NA,24.21875,42.857142857142854,NA,56.09756097560976
2020,Albemarle County Public Schools,1084,68,122,132,58,704,698,59,47,48,34,510,64.39114391143912,86.76470588235294,38.52459016393443,36.36363636363637,58.620689655172406,72.44318181818183
2020,Alexandria City Public Schools,981,38,288,374,25,252,372,16,71,89,15,180,37.920489296636084,42.10526315789473,24.65277777777778,23.796791443850267,60,71.42857142857143
2020,Alleghany Highlands Public Schools,168,NA,10,NA,NA,145,59,NA,2,NA,NA,53,35.11904761904761,NA,20,NA,NA,36.55172413793103
2020,Amelia County Public Schools,110,NA,21,NA,11,73,41,NA,8,NA,5,26,37.27272727272727,NA,38.095238095238095,NA,45.45454545454545,35.61643835616438
2020,Amherst County Public Schools,302,NA,65,11,27,197,143,NA,25,8,11,98,47.35099337748344,NA,38.46153846153847,72.72727272727273,40.74074074074074,49.746192893401016
2020,Appomattox County Public Schools,172,NA,48,NA,13,108,91,NA,17,NA,7,66,52.90697674418605,NA,35.41666666666667,NA,53.84615384615385,61.111111111111114
2020,Arlington County Public Schools,1745,143,203,516,114,767,1150,91,101,239,82,636,65.90257879656161,63.63636363636363,49.75369458128079,46.31782945736434,71.9298245614035,82.92046936114733
2020,Augusta County Public Schools,804,NA,20,47,19,706,373,NA,9,16,10,330,46.39303482587065,NA,45,34.04255319148936,52.63157894736842,46.742209631728045
2020,Bath County Public Schools,39,NA,NA,NA,NA,34,17,NA,NA,NA,NA,14,43.58974358974359,NA,NA,NA,NA,41.17647058823529
2020,Bedford County Public Schools,824,23,61,25,32,682,413,15,20,4,13,361,50.12135922330098,65.21739130434783,32.78688524590164,16,40.625,52.93255131964809
2020,Bland County Public Schools,66,NA,NA,NA,NA,64,11,NA,NA,NA,NA,10,16.666666666666664,NA,NA,NA,NA,15.625
2020,Botetourt County Public Schools,391,NA,10,17,19,340,228,NA,5,7,10,203,58.31202046035806,NA,50,41.17647058823529,52.63157894736842,59.705882352941174
2020,Bristol City Public Schools,151,NA,NA,NA,NA,127,42,NA,NA,NA,NA,40,27.81456953642384,NA,NA,NA,NA,31.496062992125985
2020,Brunswick County Public Schools,118,NA,97,NA,NA,17,32,NA,21,NA,NA,9,27.11864406779661,NA,21.649484536082475,NA,NA,52.94117647058824
2020,Buchanan County Public Schools,218,NA,NA,NA,NA,215,65,NA,NA,NA,NA,65,29.81651376146789,NA,NA,NA,NA,30.23255813953488
2020,Buckingham County Public Schools,148,NA,61,NA,10,69,44,NA,13,NA,2,27,29.72972972972973,NA,21.311475409836063,NA,20,39.130434782608695
2020,Buena Vista City Public Schools,78,NA,NA,NA,NA,73,32,NA,NA,NA,NA,29,41.02564102564102,NA,NA,NA,NA,39.726027397260275
2020,Campbell County Public Schools,594,NA,85,22,25,450,268,NA,27,8,11,213,45.11784511784512,NA,31.76470588235294,36.36363636363637,44,47.333333333333336
2020,Caroline County Public Schools,289,NA,82,36,26,142,117,NA,32,13,10,59,40.484429065743946,NA,39.02439024390244,36.11111111111111,38.46153846153847,41.54929577464789
2020,Carroll County Public Schools,262,NA,NA,15,NA,238,133,NA,NA,7,NA,122,50.76335877862596,NA,NA,46.666666666666664,NA,51.26050420168067
2020,Charles City County Public Schools,50,NA,26,NA,NA,18,15,NA,6,NA,NA,5,30,NA,23.076923076923077,NA,NA,27.77777777777778
2020,Charlotte County Public Schools,132,NA,34,NA,NA,86,69,NA,18,NA,NA,51,52.27272727272727,NA,52.94117647058824,NA,NA,59.30232558139535
2020,Charlottesville City Public Schools,279,26,81,41,14,117,170,18,30,20,7,95,60.93189964157706,69.23076923076923,37.03703703703704,48.78048780487805,50,81.19658119658119
2020,Chesapeake City Public Schools,3291,99,1082,303,212,1566,1853,86,455,159,133,1005,56.3050744454573,86.86868686868688,42.05175600739371,52.475247524752476,62.735849056603776,64.17624521072797
2020,Chesterfield County Public Schools,4977,195,1326,826,239,2372,2779,150,609,284,126,1600,55.836849507735586,76.92307692307693,45.92760180995475,34.38256658595641,52.719665271966534,67.45362563237775
2020,Clarke County Public Schools,160,NA,NA,20,11,120,111,NA,NA,12,10,85,69.375,NA,NA,60,90.9090909090909,70.83333333333334
2020,Colonial Beach Public Schools,38,NA,10,NA,NA,23,19,NA,2,NA,NA,15,50,NA,20,NA,NA,65.21739130434783
2020,Colonial Heights City Public Schools,220,NA,38,16,13,148,116,NA,19,3,7,83,52.72727272727272,NA,50,18.75,53.84615384615385,56.08108108108109
2020,Craig County Public Schools,43,NA,NA,NA,NA,39,10,NA,NA,NA,NA,9,23.25581395348837,NA,NA,NA,NA,23.076923076923077
2020,Culpeper County Public Schools,624,10,90,138,37,346,269,5,28,44,15,176,43.108974358974365,50,31.11111111111111,31.88405797101449,40.54054054054054,50.86705202312138
2020,Cumberland County Public Schools,95,NA,39,NA,NA,44,42,NA,18,NA,NA,15,44.21052631578947,NA,46.15384615384615,NA,NA,34.090909090909086
2020,Danville City Public Schools,374,NA,258,27,NA,73,109,NA,55,10,NA,34,29.144385026737968,NA,21.31782945736434,37.03703703703704,NA,46.57534246575342
2020,Dickenson County Public Schools,141,NA,NA,NA,NA,139,38,NA,NA,NA,NA,38,26.95035460992908,NA,NA,NA,NA,27.33812949640288
2020,Dinwiddie County Public Schools,317,NA,103,30,18,165,120,NA,32,10,9,69,37.85488958990536,NA,31.06796116504854,33.33333333333333,50,41.81818181818181
2020,Essex County Public Schools,108,NA,59,NA,NA,38,38,NA,13,NA,NA,21,35.18518518518518,NA,22.033898305084744,NA,NA,55.26315789473685
2020,Fairfax County Public Schools,14653,3062,1512,3705,721,5610,9459,2521,784,1438,500,4184,64.55333378830274,82.33180927498367,51.85185185185185,38.81241565452092,69.34812760055479,74.58110516934046
2020,Falls Church City Public Schools,204,14,NA,20,17,148,148,8,NA,10,12,115,72.54901960784314,57.14285714285714,NA,50,70.58823529411765,77.7027027027027
2020,Fauquier County Public Schools,926,22,77,133,40,651,451,18,19,45,16,351,48.704103671706264,81.81818181818183,24.675324675324674,33.83458646616541,40,53.91705069124424
2020,Floyd County Public Schools,146,NA,NA,NA,NA,134,60,NA,NA,NA,NA,54,41.0958904109589,NA,NA,NA,NA,40.298507462686565
2020,Fluvanna County Public Schools,278,NA,39,17,17,204,144,NA,18,10,8,108,51.798561151079134,NA,46.15384615384615,58.82352941176471,47.05882352941176,52.94117647058824
2020,Franklin City Public Schools,88,NA,67,NA,NA,15,29,NA,15,NA,NA,11,32.95454545454545,NA,22.388059701492537,NA,NA,73.33333333333333
2020,Franklin County Public Schools,492,NA,51,29,32,375,229,NA,20,18,10,178,46.54471544715447,NA,39.21568627450981,62.06896551724138,31.25,47.46666666666667
2020,Frederick County Public Schools,1108,18,46,196,47,797,543,12,20,75,24,410,49.0072202166065,66.66666666666666,43.47826086956522,38.265306122448976,51.06382978723404,51.44291091593476
2020,Fredericksburg City Public Schools,234,11,81,47,12,81,114,5,29,18,6,55,48.717948717948715,45.45454545454545,35.80246913580247,38.297872340425535,50,67.90123456790124
2020,Galax City Public Schools,79,NA,NA,21,NA,44,28,NA,NA,7,NA,17,35.44303797468354,NA,NA,33.33333333333333,NA,38.63636363636363
2020,Giles County Public Schools,219,NA,NA,NA,NA,206,50,NA,NA,NA,NA,47,22.831050228310502,NA,NA,NA,NA,22.815533980582526
2020,Gloucester County Public Schools,430,NA,29,13,19,363,176,NA,4,8,5,155,40.93023255813954,NA,13.793103448275861,61.53846153846154,26.31578947368421,42.69972451790633
2020,Goochland County Public Schools,214,NA,24,17,NA,160,156,NA,14,10,NA,124,72.89719626168224,NA,58.333333333333336,58.82352941176471,NA,77.5
2020,Grayson County Public Schools,130,NA,NA,10,NA,114,57,NA,NA,6,NA,49,43.84615384615385,NA,NA,60,NA,42.98245614035088
2020,Greene County Public Schools,230,NA,17,23,13,172,119,NA,8,9,5,93,51.73913043478261,NA,47.05882352941176,39.130434782608695,38.46153846153847,54.06976744186046
2020,Greensville County Public Schools,179,NA,122,NA,NA,49,66,NA,39,NA,NA,23,36.87150837988827,NA,31.967213114754102,NA,NA,46.93877551020408
2020,Halifax County Public Schools,356,NA,147,11,NA,188,113,NA,28,2,NA,79,31.741573033707866,NA,19.047619047619047,18.181818181818183,NA,42.02127659574468
2020,Hampton City Public Schools,1466,34,943,79,84,319,553,25,317,40,35,135,37.72169167803547,73.52941176470588,33.61611876988335,50.63291139240506,41.66666666666667,42.31974921630094
2020,Hanover County Public Schools,1471,27,130,84,49,1176,988,20,73,42,25,825,67.1651937457512,74.07407407407408,56.15384615384615,50,51.02040816326531,70.1530612244898
2020,Harrisonburg City Public Schools,441,14,50,227,13,137,240,12,24,105,11,88,54.421768707483,85.71428571428571,48,46.25550660792951,84.61538461538461,64.23357664233576
2020,Henrico County Public Schools,4007,394,1440,379,196,1587,2159,323,520,123,101,1087,53.88070875967058,81.97969543147208,36.11111111111111,32.45382585751979,51.53061224489795,68.49401386263389
2020,Henry County Public Schools,544,NA,121,68,29,325,190,NA,30,28,9,122,34.92647058823529,NA,24.793388429752067,41.17647058823529,31.03448275862069,37.53846153846154
2020,Highland County Public Schools,22,NA,NA,NA,NA,21,8,NA,NA,NA,NA,7,36.36363636363637,NA,NA,NA,NA,33.33333333333333
2020,Hopewell City Public Schools,311,NA,189,32,NA,82,92,NA,55,10,NA,22,29.581993569131832,NA,29.100529100529098,31.25,NA,26.82926829268293
2020,Isle of Wight County Public Schools,485,NA,129,29,23,298,254,NA,50,11,12,176,52.37113402061856,NA,38.759689922480625,37.93103448275862,52.17391304347826,59.06040268456376
2020,King George County Public Schools,325,NA,51,23,31,213,168,NA,14,15,15,120,51.69230769230769,NA,27.450980392156865,65.21739130434783,48.38709677419355,56.33802816901409
2020,King William County Public Schools,187,NA,32,NA,NA,137,68,NA,4,NA,NA,56,36.36363636363637,NA,12.5,NA,NA,40.87591240875913
2020,King and Queen County Public Schools,32,NA,12,NA,NA,12,9,NA,2,NA,NA,3,28.125,NA,16.666666666666664,NA,NA,25
2020,Lancaster County Public Schools,94,NA,45,NA,NA,43,41,NA,9,NA,NA,28,43.61702127659575,NA,20,NA,NA,65.11627906976744
2020,Lee County Public Schools,228,NA,NA,NA,NA,221,69,NA,NA,NA,NA,66,30.263157894736842,NA,NA,NA,NA,29.86425339366516
2020,Loudoun County Public Schools,6498,1306,444,1112,334,3279,4867,1145,266,557,267,2617,74.89996922129886,87.67228177641654,59.909909909909906,50.089928057553955,79.94011976047905,79.81091796279354
2020,Louisa County Public Schools,355,NA,61,19,27,244,189,NA,27,10,13,136,53.239436619718305,NA,44.26229508196721,52.63157894736842,48.148148148148145,55.73770491803278
2020,Lunenburg County Public Schools,106,NA,30,NA,10,57,42,NA,7,NA,5,26,39.62264150943396,NA,23.333333333333332,NA,50,45.614035087719294
2020,Lynchburg City Public Schools,597,15,298,37,42,198,256,13,89,14,14,122,42.88107202680067,86.66666666666667,29.86577181208054,37.83783783783784,33.33333333333333,61.61616161616161
2020,Madison County Public Schools,115,NA,NA,NA,NA,96,64,NA,NA,NA,NA,60,55.65217391304348,NA,NA,NA,NA,62.5
2020,Manassas City Public Schools,549,16,53,360,37,80,206,7,19,110,16,54,37.52276867030965,43.75,35.84905660377358,30.555555555555557,43.24324324324324,67.5
2020,Manassas Park City Public Schools,265,22,17,170,NA,51,139,19,12,67,NA,37,52.45283018867924,86.36363636363636,70.58823529411765,39.411764705882355,NA,72.54901960784314
2020,Martinsville City Public Schools,147,NA,80,23,10,32,61,NA,27,9,5,18,41.49659863945578,NA,33.75,39.130434782608695,50,56.25
2020,Mathews County Public Schools,67,NA,NA,NA,NA,49,31,NA,NA,NA,NA,23,46.26865671641791,NA,NA,NA,NA,46.93877551020408
2020,Mecklenburg County Public Schools,330,NA,127,20,11,170,125,NA,33,7,2,81,37.878787878787875,NA,25.984251968503933,35,18.181818181818183,47.647058823529406
2020,Middlesex County Public Schools,100,NA,13,NA,NA,79,37,NA,1,NA,NA,33,37,NA,7.6923076923076925,NA,NA,41.77215189873418
2020,Montgomery County Public Schools,783,27,34,41,36,643,436,24,10,19,19,362,55.68326947637292,88.88888888888889,29.411764705882355,46.34146341463415,52.77777777777778,56.298600311041994
2020,Nelson County Public Schools,158,NA,17,13,NA,119,69,NA,3,3,NA,61,43.67088607594937,NA,17.647058823529413,23.076923076923077,NA,51.26050420168067
2020,New Kent County Public Schools,229,NA,29,NA,NA,177,121,NA,14,NA,NA,94,52.838427947598255,NA,48.275862068965516,NA,NA,53.10734463276836
2020,Newport News City Public Schools,1724,51,997,194,73,394,779,39,420,78,37,198,45.185614849187935,76.47058823529412,42.126379137412236,40.20618556701031,50.68493150684932,50.25380710659898
2020,Norfolk City Public Schools,1807,51,1097,147,118,381,652,38,302,44,49,213,36.08190370780299,74.50980392156863,27.529626253418414,29.931972789115648,41.52542372881356,55.90551181102362
2020,Northampton County Public Schools,106,NA,53,24,NA,25,35,NA,10,9,NA,14,33.0188679245283,NA,18.867924528301888,37.5,NA,56.00000000000001
2020,Northumberland County Public Schools,112,NA,40,NA,NA,63,54,NA,10,NA,NA,41,48.214285714285715,NA,25,NA,NA,65.07936507936508
2020,Norton City Public Schools,63,NA,NA,NA,NA,59,33,NA,NA,NA,NA,32,52.38095238095239,NA,NA,NA,NA,54.23728813559322
2020,Nottoway County Public Schools,156,NA,64,12,NA,72,56,NA,13,4,NA,33,35.8974358974359,NA,20.3125,33.33333333333333,NA,45.83333333333333
2020,Orange County Public Schools,361,NA,47,24,30,252,147,NA,20,8,10,104,40.7202216066482,NA,42.5531914893617,33.33333333333333,33.33333333333333,41.269841269841265
2020,Page County Public Schools,273,NA,NA,NA,NA,255,146,NA,NA,NA,NA,135,53.47985347985348,NA,NA,NA,NA,52.94117647058824
2020,Patrick County Public Schools,186,NA,NA,NA,11,161,83,NA,NA,NA,3,74,44.623655913978496,NA,NA,NA,27.27272727272727,45.962732919254655
2020,Petersburg City Public Schools,232,NA,201,19,NA,NA,66,NA,61,3,NA,NA,28.448275862068968,NA,30.34825870646766,15.789473684210526,NA,NA
2020,Pittsylvania County Public Schools,695,NA,162,29,19,479,330,NA,64,12,6,243,47.482014388489205,NA,39.50617283950617,41.37931034482759,31.57894736842105,50.73068893528184
2020,Poquoson City Public Schools,181,NA,NA,NA,NA,165,104,NA,NA,NA,NA,97,57.4585635359116,NA,NA,NA,NA,58.78787878787879
2020,Portsmouth City Public Schools,1019,NA,750,36,50,170,343,NA,241,16,19,57,33.66045142296369,NA,32.13333333333333,44.44444444444444,38,33.52941176470588
2020,Powhatan County Public Schools,350,NA,21,12,15,298,179,NA,8,3,8,158,51.142857142857146,NA,38.095238095238095,25,53.333333333333336,53.02013422818792
2020,Prince Edward County Public Schools,151,NA,79,NA,NA,60,37,NA,14,NA,NA,16,24.503311258278146,NA,17.72151898734177,NA,NA,26.666666666666668
2020,Prince George County Public Schools,426,NA,127,44,24,215,170,NA,44,20,7,91,39.906103286384976,NA,34.645669291338585,45.45454545454545,29.166666666666668,42.32558139534884
2020,Prince William County Public Schools,6908,663,1464,2277,391,2084,3331,449,643,767,209,1252,48.21945570353214,67.72247360482655,43.9207650273224,33.6846728151076,53.452685421994886,60.076775431861805
2020,Pulaski County Public Schools,285,NA,NA,NA,23,241,101,NA,NA,NA,6,93,35.43859649122807,NA,NA,NA,26.08695652173913,38.589211618257266
2020,Radford City Public Schools,123,NA,12,NA,NA,98,71,NA,1,NA,NA,66,57.72357723577236,NA,8.333333333333332,NA,NA,67.3469387755102
2020,Rappahannock County Public Schools,57,NA,NA,NA,NA,50,27,NA,NA,NA,NA,25,47.368421052631575,NA,NA,NA,NA,50
2020,Richmond City Public Schools,1479,19,956,257,24,223,472,11,281,42,11,127,31.913455037187287,57.89473684210527,29.39330543933054,16.342412451361866,45.83333333333333,56.95067264573991
2020,Richmond County Public Schools,83,NA,26,NA,NA,47,47,NA,9,NA,NA,32,56.62650602409639,NA,34.61538461538461,NA,NA,68.08510638297872
2020,Roanoke City Public Schools,940,39,407,119,33,338,283,17,84,28,11,142,30.106382978723406,43.58974358974359,20.638820638820636,23.52941176470588,33.33333333333333,42.01183431952663
2020,Roanoke County Public Schools,1102,55,79,61,54,852,643,43,36,37,26,500,58.348457350272234,78.18181818181819,45.56962025316456,60.65573770491803,48.148148148148145,58.68544600938967
2020,Rockbridge County Public Schools,257,NA,NA,NA,11,228,104,NA,NA,NA,2,98,40.46692607003891,NA,NA,NA,18.181818181818183,42.98245614035088
2020,Rockingham County Public Schools,883,13,10,124,33,702,452,8,6,52,16,370,51.18912797281994,61.53846153846154,60,41.935483870967744,48.484848484848484,52.70655270655271
2020,Russell County Public Schools,278,NA,NA,NA,NA,272,103,NA,NA,NA,NA,100,37.05035971223021,NA,NA,NA,NA,36.76470588235294
2020,Salem City Public Schools,320,11,47,16,10,235,194,10,17,9,5,152,60.62499999999999,90.9090909090909,36.17021276595745,56.25,50,64.68085106382979
2020,Scott County Public Schools,252,NA,NA,NA,NA,242,103,NA,NA,NA,NA,99,40.87301587301587,NA,NA,NA,NA,40.909090909090914
2020,Shenandoah County Public Schools,481,NA,20,71,11,375,201,NA,6,20,3,168,41.78794178794179,NA,30,28.169014084507044,27.27272727272727,44.800000000000004
2020,Smyth County Public Schools,329,NA,14,13,NA,298,116,NA,3,3,NA,107,35.25835866261398,NA,21.428571428571427,23.076923076923077,NA,35.90604026845637
2020,Southampton County Public Schools,214,NA,91,NA,NA,114,114,NA,35,NA,NA,74,53.271028037383175,NA,38.46153846153847,NA,NA,64.91228070175438
2020,Spotsylvania County Public Schools,1847,50,371,307,94,1018,929,32,150,132,43,567,50.2977801840823,64,40.43126684636118,42.99674267100978,45.744680851063826,55.69744597249509
2020,Stafford County Public Schools,2488,84,503,473,178,1237,1493,54,276,233,108,814,60.008038585209,64.28571428571429,54.87077534791253,49.2600422832981,60.67415730337079,65.80436540016169
2020,Staunton City Public Schools,167,NA,23,NA,16,121,68,NA,4,NA,8,53,40.718562874251496,NA,17.391304347826086,NA,50,43.80165289256198
2020,Suffolk City Public Schools,1088,16,638,55,54,321,375,14,179,18,19,143,34.466911764705884,87.5,28.056426332288403,32.72727272727273,35.18518518518518,44.54828660436137
2020,Surry County Public Schools,47,NA,28,NA,NA,15,12,NA,4,NA,NA,6,25.53191489361702,NA,14.285714285714285,NA,NA,40
2020,Sussex County Public Schools,76,NA,53,NA,NA,18,25,NA,20,NA,NA,4,32.89473684210527,NA,37.735849056603776,NA,NA,22.22222222222222
2020,Tazewell County Public Schools,400,NA,NA,NA,NA,380,157,NA,NA,NA,NA,150,39.25,NA,NA,NA,NA,39.473684210526315
2020,Virginia Beach City Public Schools,5100,350,1188,548,452,2518,2822,250,448,270,229,1598,55.333333333333336,71.42857142857143,37.71043771043771,49.27007299270073,50.66371681415929,63.46306592533757
2020,Warren County Public Schools,419,NA,21,35,35,324,183,NA,11,11,13,146,43.67541766109785,NA,52.38095238095239,31.428571428571427,37.142857142857146,45.06172839506173
2020,Washington County Public Schools,547,NA,NA,15,NA,509,213,NA,NA,6,NA,198,38.93967093235832,NA,NA,40,NA,38.89980353634578
2020,Waynesboro City Public Schools,224,NA,40,30,19,133,76,NA,6,7,7,55,33.92857142857143,NA,15,23.333333333333332,36.84210526315789,41.35338345864661
2020,West Point Public Schools,61,NA,NA,NA,NA,45,28,NA,NA,NA,NA,21,45.90163934426229,NA,NA,NA,NA,46.666666666666664
2020,Westmoreland County Public Schools,121,NA,60,NA,NA,44,41,NA,19,NA,NA,17,33.88429752066116,NA,31.666666666666664,NA,NA,38.63636363636363
2020,Williamsburg-James City County Public Schools,952,29,177,111,64,568,518,21,52,38,35,369,54.41176470588235,72.41379310344827,29.37853107344633,34.234234234234236,54.6875,64.96478873239437
2020,Winchester City Public Schools,349,NA,42,131,23,142,149,NA,15,39,14,73,42.693409742120345,NA,35.714285714285715,29.770992366412212,60.86956521739131,51.40845070422535
2020,Wise County Public Schools,375,NA,NA,NA,NA,361,139,NA,NA,NA,NA,133,37.06666666666666,NA,NA,NA,NA,36.84210526315789
2020,Wythe County Public Schools,318,NA,11,NA,NA,296,135,NA,3,NA,NA,125,42.45283018867924,NA,27.27272727272727,NA,NA,42.22972972972973
2020,York County Public Schools,1009,69,120,102,100,612,630,57,62,59,49,399,62.43805748265609,82.6086956521739,51.66666666666667,57.84313725490197,49,65.19607843137256
2021,Accomack County Public Schools,371,NA,140,78,NA,146,147,NA,33,33,NA,74,39.62264150943396,NA,23.57142857142857,42.30769230769231,NA,50.68493150684932
2021,Albemarle County Public Schools,1087,48,113,148,65,711,701,41,43,54,38,524,64.48942042318308,85.41666666666666,38.05309734513274,36.486486486486484,58.46153846153847,73.69901547116737
2021,Alexandria City Public Schools,993,54,250,392,21,272,401,29,82,83,9,197,40.38267875125881,53.70370370370371,32.800000000000004,21.1734693877551,42.857142857142854,72.42647058823529
2021,Alleghany Highlands Public Schools,153,NA,10,NA,NA,136,53,NA,4,NA,NA,47,34.64052287581699,NA,40,NA,NA,34.55882352941176
2021,Amelia County Public Schools,115,NA,22,NA,NA,82,60,NA,11,NA,NA,45,52.17391304347826,NA,50,NA,NA,54.87804878048781
2021,Amherst County Public Schools,269,NA,46,NA,32,185,116,NA,20,NA,10,81,43.12267657992565,NA,43.47826086956522,NA,31.25,43.78378378378379
2021,Appomattox County Public Schools,192,NA,25,NA,14,143,98,NA,8,NA,7,78,51.041666666666664,NA,32,NA,50,54.54545454545454
2021,Arlington County Public Schools,1868,137,199,561,108,861,1220,90,92,245,89,703,65.31049250535332,65.69343065693431,46.231155778894475,43.672014260249554,82.4074074074074,81.6492450638792
2021,Augusta County Public Schools,784,NA,26,52,25,675,332,NA,12,21,12,281,42.3469387755102,NA,46.15384615384615,40.38461538461539,48,41.629629629629626
2021,Bath County Public Schools,37,NA,NA,NA,NA,35,15,NA,NA,NA,NA,15,40.54054054054054,NA,NA,NA,NA,42.857142857142854
2021,Bedford County Public Schools,750,12,43,35,29,631,363,8,17,22,12,304,48.4,66.66666666666666,39.53488372093023,62.857142857142854,41.37931034482759,48.17749603803487
2021,Bland County Public Schools,52,NA,NA,NA,NA,49,9,NA,NA,NA,NA,8,17.307692307692307,NA,NA,NA,NA,16.3265306122449
2021,Botetourt County Public Schools,397,NA,NA,11,22,350,237,NA,NA,6,9,214,59.69773299748111,NA,NA,54.54545454545454,40.909090909090914,61.142857142857146
2021,Bristol City Public Schools,167,NA,11,NA,12,135,51,NA,5,NA,2,42,30.538922155688624,NA,45.45454545454545,NA,16.666666666666664,31.11111111111111
2021,Brunswick County Public Schools,121,NA,102,NA,NA,14,36,NA,32,NA,NA,3,29.75206611570248,NA,31.372549019607842,NA,NA,21.428571428571427
2021,Buchanan County Public Schools,205,NA,NA,NA,NA,204,63,NA,NA,NA,NA,63,30.73170731707317,NA,NA,NA,NA,30.88235294117647
2021,Buckingham County Public Schools,136,NA,42,NA,NA,83,41,NA,13,NA,NA,27,30.14705882352941,NA,30.952380952380953,NA,NA,32.53012048192771
2021,Buena Vista City Public Schools,77,NA,NA,NA,NA,67,35,NA,NA,NA,NA,32,45.45454545454545,NA,NA,NA,NA,47.76119402985074
2021,Campbell County Public Schools,648,NA,104,24,31,476,278,NA,43,9,9,209,42.901234567901234,NA,41.34615384615385,37.5,29.03225806451613,43.90756302521008
2021,Caroline County Public Schools,290,NA,82,24,33,146,110,NA,24,10,11,61,37.93103448275862,NA,29.268292682926827,41.66666666666667,33.33333333333333,41.78082191780822
2021,Carroll County Public Schools,253,NA,NA,18,NA,229,118,NA,NA,9,NA,107,46.6403162055336,NA,NA,50,NA,46.724890829694324
2021,Charles City County Public Schools,33,NA,21,NA,NA,NA,5,NA,2,NA,NA,NA,15.151515151515152,NA,9.523809523809524,NA,NA,NA
2021,Charlotte County Public Schools,162,NA,45,NA,NA,100,70,NA,15,NA,NA,48,43.20987654320987,NA,33.33333333333333,NA,NA,48
2021,Charlottesville City Public Schools,298,16,72,39,30,141,176,11,22,14,18,111,59.06040268456376,68.75,30.555555555555557,35.8974358974359,60,78.72340425531915
2021,Chesapeake City Public Schools,3283,110,1115,325,259,1456,1882,91,490,176,167,949,57.32561681388974,82.72727272727273,43.946188340807176,54.15384615384615,64.47876447876449,65.17857142857143
2021,Chesterfield County Public Schools,5141,201,1391,853,247,2430,2830,161,602,302,129,1624,55.047656098035404,80.09950248756219,43.27821710999281,35.40445486518171,52.226720647773284,66.83127572016461
2021,Clarke County Public Schools,167,NA,NA,13,NA,139,117,NA,NA,9,NA,96,70.05988023952095,NA,NA,69.23076923076923,NA,69.06474820143885
2021,Colonial Beach Public Schools,51,NA,NA,NA,NA,35,25,NA,NA,NA,NA,15,49.01960784313725,NA,NA,NA,NA,42.857142857142854
2021,Colonial Heights City Public Schools,211,NA,45,16,14,128,108,NA,15,8,9,71,51.18483412322274,NA,33.33333333333333,50,64.28571428571429,55.46875
2021,Craig County Public Schools,50,NA,NA,NA,NA,48,5,NA,NA,NA,NA,5,10,NA,NA,NA,NA,10.416666666666668
2021,Culpeper County Public Schools,713,14,106,176,45,370,302,8,39,45,19,191,42.3562412342216,57.14285714285714,36.79245283018868,25.568181818181817,42.22222222222222,51.621621621621614
2021,Cumberland County Public Schools,80,NA,45,NA,NA,28,39,NA,19,NA,NA,15,48.75,NA,42.22222222222222,NA,NA,53.57142857142857
2021,Danville City Public Schools,366,NA,263,34,NA,64,102,NA,61,9,NA,32,27.86885245901639,NA,23.193916349809886,26.47058823529412,NA,50
2021,Dickenson County Public Schools,146,NA,NA,NA,NA,143,31,NA,NA,NA,NA,30,21.232876712328768,NA,NA,NA,NA,20.97902097902098
2021,Dinwiddie County Public Schools,336,NA,125,19,20,171,107,NA,42,2,8,54,31.845238095238095,NA,33.6,10.526315789473683,40,31.57894736842105
2021,Essex County Public Schools,110,NA,47,NA,12,45,51,NA,22,NA,5,23,46.36363636363636,NA,46.808510638297875,NA,41.66666666666667,51.11111111111111
2021,Fairfax County Public Schools,14811,3113,1509,3874,769,5492,9553,2569,810,1496,564,4085,64.49935858483559,82.52489559910055,53.677932405566594,38.61641713990707,73.34200260078023,74.38091769847051
2021,Falls Church City Public Schools,223,15,12,34,23,139,161,10,8,15,17,111,72.19730941704036,66.66666666666666,66.66666666666666,44.11764705882353,73.91304347826086,79.85611510791367
2021,Fauquier County Public Schools,983,21,70,178,46,665,533,18,33,84,14,381,54.221770091556465,85.71428571428571,47.14285714285714,47.19101123595505,30.434782608695656,57.29323308270676
2021,Floyd County Public Schools,161,NA,NA,NA,NA,148,82,NA,NA,NA,NA,77,50.931677018633536,NA,NA,NA,NA,52.02702702702703
2021,Fluvanna County Public Schools,305,NA,42,23,20,215,140,NA,14,11,4,108,45.90163934426229,NA,33.33333333333333,47.82608695652174,20,50.23255813953489
2021,Franklin City Public Schools,79,NA,66,NA,NA,NA,31,NA,21,NA,NA,NA,39.24050632911392,NA,31.818181818181817,NA,NA,NA
2021,Franklin County Public Schools,487,NA,32,33,26,393,204,NA,14,15,7,165,41.889117043121146,NA,43.75,45.45454545454545,26.923076923076923,41.98473282442748
2021,Frederick County Public Schools,1099,18,46,235,32,767,493,14,18,79,14,368,44.8589626933576,77.77777777777779,39.130434782608695,33.61702127659574,43.75,47.979139504563236
2021,Fredericksburg City Public Schools,278,10,101,71,16,80,122,6,39,25,3,49,43.884892086330936,60,38.613861386138616,35.2112676056338,18.75,61.25000000000001
2021,Galax City Public Schools,83,NA,NA,26,NA,48,23,NA,NA,4,NA,16,27.710843373493976,NA,NA,15.384615384615385,NA,33.33333333333333
2021,Giles County Public Schools,177,NA,NA,NA,NA,167,29,NA,NA,NA,NA,28,16.38418079096045,NA,NA,NA,NA,16.766467065868262
2021,Gloucester County Public Schools,431,NA,29,22,18,361,185,NA,15,7,5,157,42.92343387470998,NA,51.724137931034484,31.818181818181817,27.77777777777778,43.49030470914128
2021,Goochland County Public Schools,227,NA,32,23,15,154,163,NA,22,13,11,115,71.80616740088107,NA,68.75,56.52173913043478,73.33333333333333,74.67532467532467
2021,Grayson County Public Schools,89,NA,NA,NA,NA,76,40,NA,NA,NA,NA,33,44.9438202247191,NA,NA,NA,NA,43.42105263157895
2021,Greene County Public Schools,228,NA,14,32,30,147,109,NA,5,19,12,68,47.80701754385965,NA,35.714285714285715,59.375,40,46.25850340136054
2021,Greensville County Public Schools,158,NA,116,12,NA,25,66,NA,41,6,NA,15,41.77215189873418,NA,35.3448275862069,50,NA,60
2021,Halifax County Public Schools,362,NA,169,NA,NA,177,105,NA,41,NA,NA,58,29.005524861878452,NA,24.2603550295858,NA,NA,32.7683615819209
2021,Hampton City Public Schools,1442,29,924,97,96,290,564,23,321,37,40,141,39.1123439667129,79.3103448275862,34.74025974025974,38.144329896907216,41.66666666666667,48.62068965517241
2021,Hanover County Public Schools,1468,42,133,92,52,1144,1002,31,73,39,34,823,68.25613079019074,73.80952380952381,54.88721804511278,42.391304347826086,65.38461538461539,71.94055944055944
2021,Harrisonburg City Public Schools,508,22,65,236,19,165,272,18,28,107,9,110,53.54330708661418,81.81818181818183,43.07692307692308,45.33898305084746,47.368421052631575,66.66666666666666
2021,Henrico County Public Schools,4138,414,1483,450,169,1614,2245,327,554,146,96,1118,54.25326244562591,78.98550724637681,37.35670937289278,32.44444444444444,56.80473372781065,69.26889714993804
2021,Henry County Public Schools,529,NA,116,79,32,300,180,NA,40,28,4,106,34.02646502835538,NA,34.48275862068966,35.44303797468354,12.5,35.333333333333336
2021,Highland County Public Schools,17,NA,NA,NA,NA,16,11,NA,NA,NA,NA,10,64.70588235294117,NA,NA,NA,NA,62.5
2021,Hopewell City Public Schools,266,NA,162,20,NA,71,83,NA,45,6,NA,26,31.203007518796994,NA,27.77777777777778,30,NA,36.61971830985916
2021,Isle of Wight County Public Schools,472,NA,119,22,33,288,246,NA,49,12,15,163,52.118644067796616,NA,41.17647058823529,54.54545454545454,45.45454545454545,56.59722222222222
2021,King George County Public Schools,390,NA,54,25,28,276,199,NA,22,14,10,148,51.02564102564102,NA,40.74074074074074,56.00000000000001,35.714285714285715,53.62318840579711
2021,King William County Public Schools,168,NA,31,NA,NA,123,49,NA,10,NA,NA,34,29.166666666666668,NA,32.25806451612903,NA,NA,27.64227642276423
2021,King and Queen County Public Schools,45,NA,14,NA,NA,21,15,NA,8,NA,NA,6,33.33333333333333,NA,57.14285714285714,NA,NA,28.57142857142857
2021,Lancaster County Public Schools,93,NA,47,NA,NA,41,40,NA,13,NA,NA,25,43.01075268817204,NA,27.659574468085108,NA,NA,60.97560975609756
2021,Lee County Public Schools,230,NA,NA,NA,NA,223,60,NA,NA,NA,NA,58,26.08695652173913,NA,NA,NA,NA,26.00896860986547
2021,Lexington City Public Schools,NA,NA,NA,NA,NA,NA,NA,NA,NA,NA,NA,NA,NA,NA,NA,NA,NA,NA
2021,Loudoun County Public Schools,6725,1486,467,1165,342,3241,5120,1316,298,618,261,2608,76.13382899628253,88.55989232839838,63.811563169164884,53.047210300429185,76.31578947368422,80.4689910521444
2021,Louisa County Public Schools,409,NA,65,26,27,285,200,NA,29,13,10,142,48.899755501222494,NA,44.61538461538462,50,37.03703703703704,49.824561403508774
2021,Lunenburg County Public Schools,126,NA,41,NA,NA,70,49,NA,10,NA,NA,32,38.88888888888889,NA,24.390243902439025,NA,NA,45.714285714285715
2021,Lynchburg City Public Schools,613,NA,289,39,52,220,259,NA,88,12,22,129,42.25122349102774,NA,30.44982698961938,30.76923076923077,42.30769230769231,58.63636363636363
2021,Madison County Public Schools,135,NA,NA,NA,NA,116,69,NA,NA,NA,NA,63,51.11111111111111,NA,NA,NA,NA,54.310344827586206
2021,Manassas City Public Schools,541,22,64,351,24,79,205,15,25,109,10,46,37.89279112754159,68.18181818181817,39.0625,31.054131054131055,41.66666666666667,58.22784810126582
2021,Manassas Park City Public Schools,288,16,28,194,11,39,149,13,14,89,3,30,51.736111111111114,81.25,50,45.876288659793815,27.27272727272727,76.92307692307693
2021,Martinsville City Public Schools,143,NA,83,19,13,26,59,NA,34,7,5,12,41.25874125874126,NA,40.963855421686745,36.84210526315789,38.46153846153847,46.15384615384615
2021,Mathews County Public Schools,70,NA,NA,NA,NA,57,25,NA,NA,NA,NA,22,35.714285714285715,NA,NA,NA,NA,38.59649122807017
2021,Mecklenburg County Public Schools,319,NA,136,16,14,150,131,NA,54,8,3,65,41.06583072100313,NA,39.705882352941174,50,21.428571428571427,43.333333333333336
2021,Middlesex County Public Schools,73,NA,16,NA,NA,53,33,NA,4,NA,NA,26,45.20547945205479,NA,25,NA,NA,49.056603773584904
2021,Montgomery County Public Schools,720,22,33,41,34,590,390,17,13,21,19,320,54.166666666666664,77.27272727272727,39.39393939393939,51.21951219512195,55.88235294117647,54.23728813559322
2021,Nelson County Public Schools,142,NA,20,10,NA,107,74,NA,6,7,NA,58,52.112676056338024,NA,30,70,NA,54.20560747663551
2021,New Kent County Public Schools,244,NA,24,NA,16,193,134,NA,12,NA,8,109,54.91803278688525,NA,50,NA,50,56.476683937823836
2021,Newport News City Public Schools,1673,56,890,204,82,428,859,38,416,96,43,258,51.34488942020323,67.85714285714286,46.741573033707866,47.05882352941176,52.4390243902439,60.280373831775705
2021,Norfolk City Public Schools,1848,51,1061,195,131,393,713,43,330,51,70,209,38.582251082251084,84.31372549019608,31.102733270499527,26.153846153846157,53.43511450381679,53.18066157760815
2021,Northampton County Public Schools,120,NA,45,24,NA,43,38,NA,9,9,NA,17,31.666666666666664,NA,20,37.5,NA,39.53488372093023
2021,Northumberland County Public Schools,101,NA,31,NA,NA,60,46,NA,7,NA,NA,33,45.54455445544555,NA,22.58064516129032,NA,NA,55.00000000000001
2021,Norton City Public Schools,82,NA,NA,NA,11,62,42,NA,NA,NA,5,33,51.21951219512195,NA,NA,NA,45.45454545454545,53.2258064516129
2021,Nottoway County Public Schools,148,NA,64,14,NA,67,59,NA,28,5,NA,25,39.86486486486486,NA,43.75,35.714285714285715,NA,37.3134328358209
2021,Orange County Public Schools,367,NA,46,41,28,246,168,NA,23,17,9,117,45.776566757493185,NA,50,41.46341463414634,32.142857142857146,47.5609756097561
2021,Page County Public Schools,282,NA,NA,10,NA,256,130,NA,NA,5,NA,114,46.09929078014184,NA,NA,50,NA,44.53125
2021,Patrick County Public Schools,172,NA,NA,16,NA,139,64,NA,NA,7,NA,53,37.2093023255814,NA,NA,43.75,NA,38.1294964028777
2021,Petersburg City Public Schools,237,NA,204,18,NA,NA,52,NA,49,0,NA,NA,21.940928270042196,NA,24.019607843137255,0,NA,NA
2021,Pittsylvania County Public Schools,681,NA,150,34,10,481,295,NA,54,19,4,212,43.31864904552129,NA,36,55.88235294117647,40,44.07484407484408
2021,Poquoson City Public Schools,173,NA,NA,NA,NA,155,111,NA,NA,NA,NA,102,64.16184971098265,NA,NA,NA,NA,65.80645161290323
2021,Portsmouth City Public Schools,934,NA,675,31,41,172,295,NA,215,6,10,58,31.58458244111349,NA,31.851851851851855,19.35483870967742,24.390243902439025,33.72093023255814
2021,Powhatan County Public Schools,345,NA,14,13,NA,307,188,NA,8,5,NA,169,54.492753623188406,NA,57.14285714285714,38.46153846153847,NA,55.048859934853425
2021,Prince Edward County Public Schools,152,NA,81,NA,NA,58,55,NA,25,NA,NA,24,36.18421052631579,NA,30.864197530864196,NA,NA,41.37931034482759
2021,Prince George County Public Schools,479,NA,140,54,33,246,191,NA,49,17,17,102,39.87473903966597,NA,35,31.48148148148148,51.515151515151516,41.46341463414634
2021,Prince William County Public Schools,7240,727,1442,2531,421,2099,3395,469,646,790,205,1278,46.892265193370164,64.51169188445667,44.79889042995839,31.21295930462268,48.69358669833729,60.88613625535969
2021,Pulaski County Public Schools,336,NA,23,19,17,272,128,NA,8,3,7,106,38.095238095238095,NA,34.78260869565217,15.789473684210526,41.17647058823529,38.970588235294116
2021,Radford City Public Schools,271,12,28,17,22,191,121,8,10,8,6,88,44.64944649446495,66.66666666666666,35.714285714285715,47.05882352941176,27.27272727272727,46.07329842931937
2021,Rappahannock County Public Schools,74,NA,NA,NA,NA,56,30,NA,NA,NA,NA,25,40.54054054054054,NA,NA,NA,NA,44.642857142857146
2021,Richmond City Public Schools,1366,11,897,297,13,142,482,6,308,57,6,101,35.28550512445095,54.54545454545454,34.33667781493868,19.19191919191919,46.15384615384615,71.12676056338029
2021,Richmond County Public Schools,103,NA,26,NA,NA,63,59,NA,11,NA,NA,38,57.28155339805825,NA,42.30769230769231,NA,NA,60.317460317460316
2021,Roanoke City Public Schools,1001,25,438,161,48,328,309,13,103,38,9,146,30.869130869130867,52,23.515981735159816,23.60248447204969,18.75,44.51219512195122
2021,Roanoke County Public Schools,1070,56,67,54,58,835,569,45,31,18,23,452,53.17757009345795,80.35714285714286,46.26865671641791,33.33333333333333,39.6551724137931,54.131736526946106
2021,Rockbridge County Public Schools,260,NA,11,10,NA,225,100,NA,1,2,NA,90,38.46153846153847,NA,9.090909090909092,20,NA,40
2021,Rockingham County Public Schools,940,14,18,125,54,729,486,10,6,51,30,389,51.70212765957447,71.42857142857143,33.33333333333333,40.8,55.55555555555556,53.360768175583
2021,Russell County Public Schools,246,NA,NA,NA,NA,234,72,NA,NA,NA,NA,70,29.268292682926827,NA,NA,NA,NA,29.914529914529915
2021,Salem City Public Schools,315,NA,35,28,13,234,178,NA,14,13,6,141,56.507936507936506,NA,40,46.42857142857143,46.15384615384615,60.256410256410255
2021,Scott County Public Schools,273,NA,NA,NA,NA,260,110,NA,NA,NA,NA,106,40.29304029304029,NA,NA,NA,NA,40.76923076923077
2021,Shenandoah County Public Schools,473,NA,16,80,14,357,202,NA,7,25,4,162,42.706131078224104,NA,43.75,31.25,28.57142857142857,45.378151260504204
2021,Smyth County Public Schools,317,NA,NA,13,NA,293,123,NA,NA,5,NA,115,38.801261829652994,NA,NA,38.46153846153847,NA,39.249146757679185
2021,Southampton County Public Schools,195,NA,89,NA,NA,97,107,NA,43,NA,NA,57,54.871794871794876,NA,48.31460674157304,NA,NA,58.76288659793815
2021,Spotsylvania County Public Schools,1916,64,372,351,102,1017,989,48,143,140,49,604,51.617954070981206,75,38.44086021505376,39.88603988603989,48.03921568627451,59.39036381514258
2021,Stafford County Public Schools,2511,108,547,553,181,1111,1471,81,305,284,93,702,58.58223815213063,75,55.758683729433265,51.35623869801085,51.38121546961326,63.18631863186318
2021,Staunton City Public Schools,211,NA,27,17,17,144,100,NA,11,7,5,73,47.39336492890995,NA,40.74074074074074,41.17647058823529,29.411764705882355,50.69444444444444
2021,Suffolk City Public Schools,1075,28,632,56,55,300,380,18,178,19,28,135,35.348837209302324,64.28571428571429,28.164556962025316,33.92857142857143,50.90909090909091,45
2021,Surry County Public Schools,52,NA,28,NA,NA,22,13,NA,9,NA,NA,3,25,NA,32.142857142857146,NA,NA,13.636363636363635
2021,Sussex County Public Schools,83,NA,60,NA,NA,17,32,NA,26,NA,NA,5,38.55421686746988,NA,43.333333333333336,NA,NA,29.411764705882355
2021,Tazewell County Public Schools,428,NA,12,NA,NA,400,130,NA,2,NA,NA,122,30.373831775700932,NA,16.666666666666664,NA,NA,30.5
2021,Virginia Beach City Public Schools,5084,335,1239,503,467,2507,2870,251,471,244,269,1610,56.451612903225815,74.92537313432835,38.01452784503632,48.508946322067594,57.601713062098504,64.22018348623854
2021,Warren County Public Schools,451,NA,23,42,34,343,186,NA,8,17,10,146,41.24168514412417,NA,34.78260869565217,40.476190476190474,29.411764705882355,42.565597667638485
2021,Washington County Public Schools,557,NA,NA,20,12,512,228,NA,NA,10,4,209,40.93357271095152,NA,NA,50,33.33333333333333,40.8203125
2021,Waynesboro City Public Schools,218,NA,39,52,21,103,81,NA,9,20,8,41,37.15596330275229,NA,23.076923076923077,38.46153846153847,38.095238095238095,39.80582524271845
2021,West Point Public Schools,76,NA,15,NA,10,48,40,NA,6,NA,2,30,52.63157894736842,NA,40,NA,20,62.5
2021,Westmoreland County Public Schools,121,NA,45,15,10,49,60,NA,27,6,4,23,49.586776859504134,NA,60,40,40,46.93877551020408
2021,Williamsburg-James City County Public Schools,977,23,153,131,83,586,514,14,40,47,35,377,52.610030706243606,60.86956521739131,26.143790849673206,35.87786259541985,42.168674698795186,64.3344709897611
2021,Winchester City Public Schools,326,NA,34,126,18,140,137,NA,10,32,7,81,42.02453987730061,NA,29.411764705882355,25.396825396825395,38.88888888888889,57.85714285714286
2021,Wise County Public Schools,390,NA,NA,NA,NA,371,165,NA,NA,NA,NA,154,42.30769230769231,NA,NA,NA,NA,41.509433962264154
2021,Wythe County Public Schools,296,NA,14,NA,NA,270,136,NA,5,NA,NA,126,45.94594594594595,NA,35.714285714285715,NA,NA,46.666666666666664
2021,York County Public Schools,974,69,114,93,101,589,607,61,52,48,61,380,62.32032854209446,88.40579710144928,45.614035087719294,51.61290322580645,60.396039603960396,64.51612903225806
2022,Accomack County Public Schools,376,NA,117,110,NA,138,139,NA,23,49,NA,62,36.96808510638298,NA,19.65811965811966,44.54545454545455,NA,44.927536231884055
2022,Albemarle County Public Schools,1130,65,130,152,71,709,721,49,54,55,44,518,63.80530973451327,75.38461538461539,41.53846153846154,36.18421052631579,61.97183098591549,73.06064880112835
2022,Alexandria City Public Schools,1138,39,300,500,24,270,417,19,94,93,12,196,36.64323374340949,48.717948717948715,31.333333333333336,18.6,50,72.5925925925926
2022,Alleghany Highlands Public Schools,224,NA,14,11,12,185,72,NA,4,5,3,58,32.142857142857146,NA,28.57142857142857,45.45454545454545,25,31.351351351351354
2022,Amelia County Public Schools,126,NA,29,NA,NA,82,53,NA,7,NA,NA,40,42.06349206349206,NA,24.137931034482758,NA,NA,48.78048780487805
2022,Amherst County Public Schools,299,NA,38,13,34,210,134,NA,18,7,13,93,44.81605351170568,NA,47.368421052631575,53.84615384615385,38.23529411764706,44.285714285714285
2022,Appomattox County Public Schools,161,NA,38,NA,12,103,85,NA,15,NA,8,58,52.79503105590062,NA,39.473684210526315,NA,66.66666666666666,56.310679611650485
2022,Arlington County Public Schools,1991,154,184,572,157,918,1292,113,80,229,126,741,64.89201406328479,73.37662337662337,43.47826086956522,40.03496503496503,80.2547770700637,80.71895424836602
2022,Augusta County Public Schools,794,11,21,53,29,679,347,8,8,25,8,298,43.702770780856426,72.72727272727273,38.095238095238095,47.16981132075472,27.586206896551722,43.888070692194404
2022,Bath County Public Schools,38,NA,NA,NA,NA,34,12,NA,NA,NA,NA,10,31.57894736842105,NA,NA,NA,NA,29.411764705882355
2022,Bedford County Public Schools,710,16,63,23,34,571,252,9,13,10,6,212,35.49295774647888,56.25,20.634920634920633,43.47826086956522,17.647058823529413,37.127845884413304
2022,Bland County Public Schools,65,NA,NA,NA,NA,65,12,NA,NA,NA,NA,12,18.461538461538463,NA,NA,NA,NA,18.461538461538463
2022,Botetourt County Public Schools,380,NA,10,17,12,337,189,NA,1,6,3,175,49.73684210526316,NA,10,35.294117647058826,25,51.92878338278932
2022,Bristol City Public Schools,167,NA,16,NA,NA,132,46,NA,2,NA,NA,40,27.54491017964072,NA,12.5,NA,NA,30.303030303030305
2022,Brunswick County Public Schools,109,NA,77,NA,NA,25,38,NA,29,NA,NA,7,34.862385321100916,NA,37.66233766233766,NA,NA,28.000000000000004
2022,Buchanan County Public Schools,188,NA,NA,NA,NA,185,52,NA,NA,NA,NA,52,27.659574468085108,NA,NA,NA,NA,28.10810810810811
2022,Buckingham County Public Schools,150,NA,54,NA,11,76,43,NA,12,NA,1,28,28.666666666666668,NA,22.22222222222222,NA,9.090909090909092,36.84210526315789
2022,Buena Vista City Public Schools,78,NA,NA,NA,NA,70,24,NA,NA,NA,NA,20,30.76923076923077,NA,NA,NA,NA,28.57142857142857
2022,Campbell County Public Schools,554,NA,86,27,31,397,220,NA,34,7,11,159,39.71119133574007,NA,39.53488372093023,25.925925925925924,35.483870967741936,40.050377833753146
2022,Caroline County Public Schools,323,NA,91,44,28,154,117,NA,21,15,15,62,36.22291021671827,NA,23.076923076923077,34.090909090909086,53.57142857142857,40.25974025974026
2022,Carroll County Public Schools,284,NA,NA,23,NA,252,132,NA,NA,12,NA,116,46.478873239436616,NA,NA,52.17391304347826,NA,46.03174603174603
2022,Charles City County Public Schools,56,NA,34,NA,NA,14,12,NA,7,NA,NA,4,21.428571428571427,NA,20.588235294117645,NA,NA,28.57142857142857
2022,Charlotte County Public Schools,133,NA,40,NA,NA,85,49,NA,11,NA,NA,37,36.84210526315789,NA,27.500000000000004,NA,NA,43.529411764705884
2022,Charlottesville City Public Schools,296,15,93,35,25,127,174,11,29,16,13,105,58.78378378378378,73.33333333333333,31.182795698924732,45.714285714285715,52,82.67716535433071
2022,Chesapeake City Public Schools,3294,102,1051,369,289,1470,1831,85,481,173,174,912,55.585913782635096,83.33333333333334,45.765937202664134,46.883468834688344,60.207612456747405,62.04081632653061
2022,Chesterfield County Public Schools,5071,176,1392,945,215,2329,2843,140,651,340,107,1597,56.063892723328735,79.54545454545455,46.76724137931034,35.978835978835974,49.76744186046512,68.57020180334908
2022,Clarke County Public Schools,146,NA,NA,23,NA,111,101,NA,NA,15,NA,77,69.17808219178082,NA,NA,65.21739130434783,NA,69.36936936936937
2022,Colonial Beach Public Schools,34,NA,NA,NA,NA,21,11,NA,NA,NA,NA,9,32.35294117647059,NA,NA,NA,NA,42.857142857142854
2022,Colonial Heights City Public Schools,236,NA,52,23,14,137,117,NA,24,13,3,72,49.57627118644068,NA,46.15384615384615,56.52173913043478,21.428571428571427,52.55474452554745
2022,Craig County Public Schools,43,NA,NA,NA,NA,43,6,NA,NA,NA,NA,6,13.953488372093023,NA,NA,NA,NA,13.953488372093023
2022,Culpeper County Public Schools,670,12,84,199,45,323,249,9,29,47,17,145,37.16417910447761,75,34.523809523809526,23.618090452261306,37.77777777777778,44.89164086687307
2022,Cumberland County Public Schools,97,NA,29,NA,NA,60,47,NA,13,NA,NA,32,48.45360824742268,NA,44.827586206896555,NA,NA,53.333333333333336
2022,Danville City Public Schools,393,NA,257,37,13,80,109,NA,52,15,4,34,27.735368956743002,NA,20.233463035019454,40.54054054054054,30.76923076923077,42.5
2022,Dickenson County Public Schools,160,NA,NA,NA,NA,158,34,NA,NA,NA,NA,33,21.25,NA,NA,NA,NA,20.88607594936709
2022,Dinwiddie County Public Schools,299,NA,101,22,12,159,95,NA,24,8,5,55,31.77257525083612,NA,23.762376237623762,36.36363636363637,41.66666666666667,34.59119496855346
2022,Essex County Public Schools,105,NA,53,NA,12,31,42,NA,21,NA,6,11,40,NA,39.62264150943396,NA,50,35.483870967741936
2022,Fairfax County Public Schools,14913,3108,1498,4100,820,5342,9293,2519,790,1505,596,3860,62.31475893515724,81.04890604890605,52.7369826435247,36.70731707317073,72.6829268292683,72.25758143017596
2022,Falls Church City Public Schools,200,13,NA,30,20,132,150,12,NA,17,18,99,75,92.3076923076923,NA,56.666666666666664,90,75
2022,Fauquier County Public Schools,970,24,68,206,48,623,491,20,22,107,23,318,50.618556701030926,83.33333333333334,32.35294117647059,51.94174757281553,47.91666666666667,51.04333868378812
2022,Floyd County Public Schools,143,NA,NA,11,NA,122,44,NA,NA,5,NA,35,30.76923076923077,NA,NA,45.45454545454545,NA,28.688524590163933
2022,Fluvanna County Public Schools,302,NA,41,28,15,217,126,NA,15,11,5,94,41.72185430463576,NA,36.58536585365854,39.285714285714285,33.33333333333333,43.31797235023041
2022,Franklin City Public Schools,81,NA,67,NA,NA,10,43,NA,34,NA,NA,7,53.086419753086425,NA,50.74626865671642,NA,NA,70
2022,Franklin County Public Schools,489,NA,39,28,38,381,193,NA,12,8,8,163,39.46830265848671,NA,30.76923076923077,28.57142857142857,21.052631578947366,42.78215223097113
2022,Frederick County Public Schools,1091,15,50,228,48,746,488,10,6,74,22,374,44.72960586617782,66.66666666666666,12,32.45614035087719,45.83333333333333,50.134048257372655
2022,Fredericksburg City Public Schools,270,13,82,74,15,85,117,6,28,20,10,52,43.333333333333336,46.15384615384615,34.146341463414636,27.027027027027028,66.66666666666666,61.1764705882353
2022,Galax City Public Schools,90,NA,NA,36,NA,47,43,NA,NA,12,NA,28,47.77777777777778,NA,NA,33.33333333333333,NA,59.57446808510638
2022,Giles County Public Schools,167,NA,NA,NA,NA,158,25,NA,NA,NA,NA,23,14.97005988023952,NA,NA,NA,NA,14.556962025316455
2022,Gloucester County Public Schools,352,NA,26,22,15,283,115,NA,4,9,3,97,32.67045454545455,NA,15.384615384615385,40.909090909090914,20,34.275618374558306
2022,Goochland County Public Schools,231,NA,31,15,11,170,177,NA,21,11,8,133,76.62337662337663,NA,67.74193548387096,73.33333333333333,72.72727272727273,78.23529411764706
2022,Grayson County Public Schools,116,NA,NA,NA,NA,107,42,NA,NA,NA,NA,37,36.206896551724135,NA,NA,NA,NA,34.57943925233645
2022,Greene County Public Schools,222,NA,18,28,20,154,98,NA,7,17,5,67,44.14414414414414,NA,38.88888888888889,60.71428571428571,25,43.506493506493506
2022,Greensville County Public Schools,138,NA,106,NA,NA,28,61,NA,42,NA,NA,18,44.20289855072464,NA,39.62264150943396,NA,NA,64.28571428571429
2022,Halifax County Public Schools,347,NA,158,10,NA,169,110,NA,33,4,NA,68,31.70028818443804,NA,20.88607594936709,40,NA,40.23668639053255
2022,Hampton City Public Schools,1461,28,936,85,91,314,588,20,348,29,41,146,40.24640657084189,71.42857142857143,37.17948717948718,34.11764705882353,45.05494505494506,46.496815286624205
2022,Hanover County Public Schools,1421,33,134,78,68,1104,931,26,60,37,39,767,65.51724137931035,78.78787878787878,44.776119402985074,47.43589743589743,57.35294117647059,69.47463768115942
2022,Harrisonburg City Public Schools,480,14,47,249,20,149,253,9,16,110,12,105,52.708333333333336,64.28571428571429,34.04255319148936,44.17670682730924,60,70.46979865771812
2022,Henrico County Public Schools,4128,420,1443,464,191,1598,2270,343,531,161,119,1110,54.990310077519375,81.66666666666667,36.7983367983368,34.69827586206897,62.30366492146597,69.46182728410513
2022,Henry County Public Schools,540,NA,101,91,46,298,175,NA,31,30,8,102,32.407407407407405,NA,30.693069306930692,32.967032967032964,17.391304347826086,34.22818791946309
2022,Highland County Public Schools,14,NA,NA,NA,NA,13,6,NA,NA,NA,NA,5,42.857142857142854,NA,NA,NA,NA,38.46153846153847
2022,Hopewell City Public Schools,242,NA,146,32,NA,56,68,NA,38,9,NA,17,28.09917355371901,NA,26.027397260273972,28.125,NA,30.357142857142854
2022,Isle of Wight County Public Schools,479,NA,114,25,34,296,249,NA,50,15,15,163,51.98329853862212,NA,43.859649122807014,60,44.11764705882353,55.067567567567565
2022,King George County Public Schools,362,NA,63,42,27,225,192,NA,26,20,10,132,53.03867403314917,NA,41.269841269841265,47.61904761904761,37.03703703703704,58.666666666666664
2022,King William County Public Schools,182,NA,25,NA,NA,138,40,NA,6,NA,NA,27,21.978021978021978,NA,24,NA,NA,19.565217391304348
2022,King and Queen County Public Schools,41,NA,18,NA,NA,19,2,NA,1,NA,NA,1,4.878048780487805,NA,5.555555555555555,NA,NA,5.263157894736842
2022,Lancaster County Public Schools,90,NA,46,NA,NA,41,50,NA,24,NA,NA,26,55.55555555555556,NA,52.17391304347826,NA,NA,63.41463414634146
2022,Lee County Public Schools,199,NA,NA,NA,NA,191,42,NA,NA,NA,NA,41,21.105527638190953,NA,NA,NA,NA,21.465968586387437
2022,Loudoun County Public Schools,6688,1514,494,1247,335,3046,4974,1335,318,608,265,2416,74.372009569378,88.1770145310436,64.37246963562752,48.757016840417,79.1044776119403,79.31713722915299
2022,Louisa County Public Schools,391,NA,59,26,20,284,194,NA,22,14,9,147,49.61636828644501,NA,37.28813559322034,53.84615384615385,45,51.76056338028169
2022,Lunenburg County Public Schools,121,NA,39,12,NA,63,36,NA,8,5,NA,20,29.75206611570248,NA,20.51282051282051,41.66666666666667,NA,31.746031746031743
2022,Lynchburg City Public Schools,627,NA,290,39,58,231,244,NA,77,15,22,123,38.91547049441787,NA,26.551724137931032,38.46153846153847,37.93103448275862,53.246753246753244
2022,Madison County Public Schools,142,NA,NA,NA,NA,122,68,NA,NA,NA,NA,60,47.88732394366197,NA,NA,NA,NA,49.18032786885246
2022,Manassas City Public Schools,562,24,49,378,30,78,221,14,22,130,11,42,39.32384341637011,58.333333333333336,44.89795918367347,34.39153439153439,36.666666666666664,53.84615384615385
2022,Manassas Park City Public Schools,306,18,25,210,14,39,124,14,12,75,5,18,40.52287581699346,77.77777777777779,48,35.714285714285715,35.714285714285715,46.15384615384615
2022,Martinsville City Public Schools,138,NA,74,24,NA,29,60,NA,33,9,NA,12,43.47826086956522,NA,44.5945945945946,37.5,NA,41.37931034482759
2022,Mathews County Public Schools,70,NA,NA,NA,NA,62,22,NA,NA,NA,NA,20,31.428571428571427,NA,NA,NA,NA,32.25806451612903
2022,Mecklenburg County Public Schools,314,NA,128,NA,12,164,110,NA,34,NA,1,72,35.03184713375796,NA,26.5625,NA,8.333333333333332,43.90243902439025
2022,Middlesex County Public Schools,81,NA,20,NA,NA,55,30,NA,5,NA,NA,24,37.03703703703704,NA,25,NA,NA,43.63636363636363
2022,Montgomery County Public Schools,791,33,46,46,38,625,428,30,17,15,21,343,54.10872313527181,90.9090909090909,36.95652173913043,32.608695652173914,55.26315789473685,54.879999999999995
2022,Nelson County Public Schools,121,NA,20,NA,10,82,56,NA,11,NA,3,39,46.28099173553719,NA,55.00000000000001,NA,30,47.5609756097561
2022,New Kent County Public Schools,269,NA,34,21,17,190,129,NA,17,10,6,94,47.95539033457249,NA,50,47.61904761904761,35.294117647058826,49.473684210526315
2022,Newport News City Public Schools,1745,45,950,240,110,389,844,34,416,114,54,219,48.36676217765043,75.55555555555556,43.78947368421053,47.5,49.09090909090909,56.29820051413882
2022,Norfolk City Public Schools,1800,35,1053,207,109,373,636,26,279,65,50,207,35.333333333333336,74.28571428571429,26.495726495726498,31.40096618357488,45.87155963302752,55.49597855227882
2022,Northampton County Public Schools,100,NA,38,29,NA,30,36,NA,5,10,NA,19,36,NA,13.157894736842104,34.48275862068966,NA,63.33333333333333
2022,Northumberland County Public Schools,109,NA,46,10,NA,50,49,NA,11,4,NA,32,44.95412844036697,NA,23.91304347826087,40,NA,64
2022,Norton City Public Schools,67,NA,NA,NA,NA,58,29,NA,NA,NA,NA,26,43.28358208955223,NA,NA,NA,NA,44.827586206896555
2022,Nottoway County Public Schools,140,NA,66,NA,NA,61,48,NA,17,NA,NA,27,34.285714285714285,NA,25.757575757575758,NA,NA,44.26229508196721
2022,Orange County Public Schools,348,NA,33,46,24,238,175,NA,10,23,10,127,50.287356321839084,NA,30.303030303030305,50,41.66666666666667,53.36134453781513
2022,Page County Public Schools,276,NA,10,11,NA,246,117,NA,3,5,NA,103,42.391304347826086,NA,30,45.45454545454545,NA,41.86991869918699
2022,Patrick County Public Schools,169,NA,NA,14,NA,141,61,NA,NA,6,NA,50,36.09467455621302,NA,NA,42.857142857142854,NA,35.46099290780142
2022,Petersburg City Public Schools,238,NA,206,24,NA,NA,62,NA,52,6,NA,NA,26.05042016806723,NA,25.24271844660194,25,NA,NA
2022,Pittsylvania County Public Schools,659,NA,150,37,12,456,290,NA,53,20,4,209,44.00606980273141,NA,35.333333333333336,54.054054054054056,33.33333333333333,45.83333333333333
2022,Poquoson City Public Schools,178,NA,NA,NA,11,155,98,NA,NA,NA,1,88,55.0561797752809,NA,NA,NA,9.090909090909092,56.774193548387096
2022,Portsmouth City Public Schools,991,NA,724,51,49,150,319,NA,228,19,16,47,32.18970736629667,NA,31.491712707182316,37.254901960784316,32.6530612244898,31.333333333333336
2022,Powhatan County Public Schools,365,NA,26,17,16,303,176,NA,5,11,2,158,48.21917808219178,NA,19.230769230769234,64.70588235294117,12.5,52.14521452145215
2022,Prince Edward County Public Schools,157,NA,96,NA,NA,51,55,NA,33,NA,NA,18,35.03184713375796,NA,34.375,NA,NA,35.294117647058826
2022,Prince George County Public Schools,404,NA,136,50,34,176,167,NA,50,23,14,75,41.336633663366335,NA,36.76470588235294,46,41.17647058823529,42.61363636363637
2022,Prince William County Public Schools,7161,687,1440,2672,362,1968,3327,465,661,789,192,1202,46.459991621281944,67.68558951965066,45.90277777777778,29.528443113772457,53.03867403314917,61.07723577235772
2022,Pulaski County Public Schools,317,NA,15,NA,23,272,112,NA,3,NA,6,102,35.33123028391167,NA,20,NA,26.08695652173913,37.5
2022,Radford City Public Schools,374,26,64,31,32,220,132,10,20,11,15,76,35.294117647058826,38.46153846153847,31.25,35.483870967741936,46.875,34.54545454545455
2022,Rappahannock County Public Schools,56,NA,NA,NA,NA,46,28,NA,NA,NA,NA,25,50,NA,NA,NA,NA,54.347826086956516
2022,Richmond City Public Schools,1488,NA,880,452,14,131,543,NA,321,110,7,98,36.49193548387097,NA,36.47727272727273,24.336283185840706,50,74.80916030534351
2022,Richmond County Public Schools,98,NA,23,14,NA,56,44,NA,7,7,NA,28,44.89795918367347,NA,30.434782608695656,50,NA,50
2022,Roanoke City Public Schools,949,22,379,206,36,305,266,10,87,41,6,122,28.02950474183351,45.45454545454545,22.95514511873351,19.902912621359224,16.666666666666664,40
2022,Roanoke County Public Schools,1124,45,84,84,60,849,577,37,27,36,29,447,51.33451957295374,82.22222222222221,32.142857142857146,42.857142857142854,48.333333333333336,52.65017667844523
2022,Rockbridge County Public Schools,253,NA,14,15,13,203,109,NA,4,3,3,92,43.08300395256917,NA,28.57142857142857,20,23.076923076923077,45.320197044334975
2022,Rockingham County Public Schools,911,23,20,147,38,679,464,19,6,64,18,355,50.933040614709114,82.6086956521739,30,43.53741496598639,47.368421052631575,52.282768777614145
2022,Russell County Public Schools,292,NA,NA,NA,NA,283,72,NA,NA,NA,NA,68,24.65753424657534,NA,NA,NA,NA,24.02826855123675
2022,Salem City Public Schools,327,11,37,27,16,236,165,7,14,8,4,132,50.45871559633027,63.63636363636363,37.83783783783784,29.629629629629626,25,55.932203389830505
2022,Scott County Public Schools,258,NA,NA,NA,NA,248,90,NA,NA,NA,NA,87,34.883720930232556,NA,NA,NA,NA,35.08064516129033
2022,Shenandoah County Public Schools,435,NA,16,67,15,334,178,NA,2,22,8,143,40.91954022988506,NA,12.5,32.83582089552239,53.333333333333336,42.81437125748503
2022,Smyth County Public Schools,314,NA,NA,NA,NA,295,100,NA,NA,NA,NA,94,31.84713375796178,NA,NA,NA,NA,31.864406779661014
2022,Southampton County Public Schools,161,NA,52,NA,NA,98,88,NA,21,NA,NA,60,54.6583850931677,NA,40.38461538461539,NA,NA,61.224489795918366
2022,Spotsylvania County Public Schools,2057,67,399,437,145,1006,1025,41,166,174,71,570,49.829849295089936,61.19402985074627,41.60401002506266,39.816933638443935,48.96551724137931,56.66003976143141
2022,Stafford County Public Schools,2564,101,549,593,179,1127,1487,73,286,288,110,721,57.99531981279251,72.27722772277228,52.09471766848816,48.566610455311974,61.452513966480446,63.975155279503106
2022,Staunton City Public Schools,223,NA,37,17,29,139,91,NA,11,4,7,68,40.80717488789238,NA,29.72972972972973,23.52941176470588,24.137931034482758,48.92086330935252
2022,Suffolk City Public Schools,1075,13,647,66,48,297,371,6,202,22,19,121,34.51162790697674,46.15384615384615,31.221020092735703,33.33333333333333,39.58333333333333,40.74074074074074
2022,Surry County Public Schools,59,NA,27,NA,NA,29,13,NA,8,NA,NA,5,22.033898305084744,NA,29.629629629629626,NA,NA,17.24137931034483
2022,Sussex County Public Schools,73,NA,51,NA,NA,14,24,NA,19,NA,NA,3,32.87671232876712,NA,37.254901960784316,NA,NA,21.428571428571427
2022,Tazewell County Public Schools,425,NA,10,NA,18,392,138,NA,2,NA,6,129,32.470588235294116,NA,20,NA,33.33333333333333,32.90816326530612
2022,Virginia Beach City Public Schools,5112,342,1222,614,515,2377,2906,260,499,313,282,1530,56.84663536776213,76.0233918128655,40.83469721767594,50.9771986970684,54.757281553398066,64.36684896928901
2022,Warren County Public Schools,438,NA,20,53,28,331,143,NA,6,15,8,113,32.64840182648402,NA,30,28.30188679245283,28.57142857142857,34.13897280966767
2022,Washington County Public Schools,522,NA,10,NA,18,477,200,NA,2,NA,5,186,38.31417624521073,NA,20,NA,27.77777777777778,38.9937106918239
2022,Waynesboro City Public Schools,228,NA,33,53,24,117,82,NA,9,13,10,49,35.96491228070175,NA,27.27272727272727,24.528301886792452,41.66666666666667,41.88034188034188
2022,West Point Public Schools,62,NA,NA,NA,NA,46,29,NA,NA,NA,NA,23,46.774193548387096,NA,NA,NA,NA,50
2022,Westmoreland County Public Schools,111,NA,35,30,NA,41,45,NA,16,11,NA,16,40.54054054054054,NA,45.714285714285715,36.666666666666664,NA,39.02439024390244
2022,Williamsburg-James City County Public Schools,936,21,170,126,71,547,508,19,51,44,37,356,54.27350427350427,90.47619047619048,30,34.92063492063492,52.112676056338024,65.08226691042047
2022,Winchester City Public Schools,332,13,39,113,24,141,172,10,10,49,11,92,51.80722891566265,76.92307692307693,25.64102564102564,43.36283185840708,45.83333333333333,65.24822695035462
2022,Wise County Public Schools,405,NA,10,11,NA,373,158,NA,2,4,NA,143,39.01234567901234,NA,20,36.36363636363637,NA,38.337801608579085
2022,Wythe County Public Schools,287,NA,10,NA,NA,266,139,NA,3,NA,NA,131,48.43205574912892,NA,30,NA,NA,49.24812030075188
2022,York County Public Schools,1023,69,137,106,107,599,657,63,59,62,65,405,64.22287390029325,91.30434782608695,43.06569343065693,58.490566037735846,60.747663551401864,67.6126878130217
