"","year","division","school_number","school","count_aian","count_asian","count_black","count_latinx","count_multiracial","count_white","count_nhpi","perc_aian","perc_asian","perc_black","perc_latinx","perc_multiracial","perc_white","perc_nhpi","count_adv","count_disadv","perc_adv","perc_disadv","students","count_nonel","count_el","perc_nonel","perc_el"
"1","2024-2025","Albemarle County",160,"Agnor Elementary",1,54,108,153,42,165,0,0.2,10.3,20.7,29.3,8,31.5,0,326,197,62.3,37.7,523,383,140,19.4,7.1
"2","2024-2025","Albemarle County",880,"Albemarle High",5,170,309,427,150,914,0,0.3,8.6,15.6,21.6,7.6,46.3,0,1390,585,70.4,29.6,1975,1664,311,84.3,15.7
"3","2024-2025","Albemarle County",1053,"Baker-Butler Elementary",2,71,84,138,68,329,0,0.3,10.3,12.1,19.9,9.8,47.5,0,491,201,71,29,692,569,123,28.8,6.2
"4","2024-2025","Albemarle County",100,"Broadus Wood Elementary",0,5,7,22,23,225,0,0,1.8,2.5,7.8,8.2,79.8,0,233,49,82.6,17.4,282,271,11,13.7,0.6
"5","2024-2025","Albemarle County",941,"Brownsville Elementary",0,30,11,32,37,419,1,0,5.7,2.1,6,7,79.1,0.2,462,68,87.2,12.8,530,511,19,25.9,1
"6","2024-2025","Albemarle County",890,"Community Lab School",0,6,12,18,14,127,0,0,3.4,6.8,10.2,7.9,71.8,0,169,9,94.9,5.1,177,177,0,9,0
"7","2024-2025","Albemarle County",340,"Crozet Elementary",0,20,15,46,36,454,0,0,3.5,2.6,8.1,6.3,79.5,0,487,84,85.3,14.7,571,557,14,28.2,0.7
"8","2024-2025","Albemarle County",10,"Hollymead Elementary",1,101,55,39,44,212,0,0.2,22.3,12.2,8.6,9.7,46.9,0,355,97,78.5,21.5,452,393,59,19.9,3
"9","2024-2025","Albemarle County",250,"Ivy Elementary",0,10,2,29,13,304,0,0,2.8,0.6,8.1,3.6,84.9,0,327,31,91.3,8.7,360,351,9,17.8,0.5
"10","2024-2025","Albemarle County",69,"Jackson P. Burley Middle",0,29,106,132,56,212,0,0,5.4,19.8,24.7,10.5,39.6,0,336,199,62.8,37.2,535,425,110,21.5,5.6
"11","2024-2025","Albemarle County",942,"Joseph T. Henley Middle",0,33,21,64,49,679,1,0,3.9,2.5,7.6,5.8,80.2,0.1,738,109,87.1,12.9,847,819,28,41.5,1.4
"12","2024-2025","Albemarle County",950,"Journey Middle",0,40,152,196,45,215,0,0,6.2,23.5,30.2,6.9,33.2,0,357,291,55.1,44.9,648,439,209,22.2,10.6
"13","2024-2025","Albemarle County",1051,"Lakeside Middle",1,88,62,68,46,310,0,0.2,15.3,10.8,11.8,8,53.9,0,430,145,74.8,25.2,575,502,73,25.4,3.7
"14","2024-2025","Albemarle County",20,"Leslie H. Walton Middle",0,5,31,44,21,238,0,0,1.5,9.1,13,6.2,70.2,0,228,111,67.3,32.7,339,317,22,16.1,1.1
"15","2024-2025","Albemarle County",40,"Mary Carr Greer Elementary",0,33,121,208,38,120,0,0,6.3,23.3,40,7.3,23.1,0,250,270,48.1,51.9,520,324,196,16.4,9.9
"16","2024-2025","Albemarle County",1052,"Monticello High",0,35,144,250,71,689,2,0,2.9,12.1,21,6,57.9,0.2,818,373,68.7,31.3,1191,1096,95,55.5,4.8
"17","2024-2025","Albemarle County",150,"Mountain View Elementary",2,38,114,208,59,349,0,0.3,4.9,14.8,27,7.7,45.3,0,500,270,64.9,35.1,770,630,140,31.9,7.1
"18","2024-2025","Albemarle County",540,"Red Hill Elementary",0,0,8,44,21,137,0,0,0,3.8,21,10,65.2,0,134,76,63.8,36.2,210,193,17,9.8,0.9
"19","2024-2025","Albemarle County",30,"Scottsville Elementary",0,2,26,21,16,151,0,0,0.9,12,9.7,7.4,69.9,0,135,81,62.5,37.5,220,211,9,10.7,0.5
"20","2024-2025","Albemarle County",920,"Stone Robinson Elementary",1,20,60,58,41,296,0,0.2,4.2,12.6,12.2,8.6,62.2,0,343,133,72.1,27.9,476,446,30,22.6,1.5
"21","2024-2025","Albemarle County",240,"Stony Point Elementary",1,11,22,16,26,141,0,0.5,5.1,10.1,7.4,12,65,0,163,54,75.1,24.9,217,202,15,10.2,0.8
"22","2024-2025","Albemarle County",910,"Virginia L. Murray Elementary",1,18,9,19,22,203,1,0.4,6.6,3.3,7,8.1,74.4,0.4,241,32,88.3,11.7,273,261,12,13.2,0.6
"23","2024-2025","Albemarle County",140,"Western Albemarle High",1,54,16,87,51,1064,1,0.1,4.2,1.3,6.8,4,83.5,0.1,1123,151,88.1,11.9,1274,1245,29,63,1.5
"24","2024-2025","Albemarle County",930,"Woodbrook Elementary",1,61,173,157,31,99,0,0.2,11.7,33.1,30.1,5.9,19,0,230,292,44.1,55.9,522,343,179,17.4,9.1
"25","2024-2025","Augusta County",660,"Buffalo Gap High",1,1,1,13,10,384,0,0.2,0.2,0.2,3.2,2.4,93.7,0,284,126,69.3,30.7,417,408,9,20.7,0.5
"26","2024-2025","Augusta County",650,"Buffalo Gap Middle School",1,0,3,10,7,264,0,0.4,0,1.1,3.5,2.5,92.6,0,190,95,66.7,33.3,290,281,9,14.2,0.5
"27","2024-2025","Augusta County",30,"Cassell Elementary",0,0,17,34,46,538,0,0,0,2.7,5.4,7.2,84.7,0,379,256,59.7,40.3,635,619,16,31.3,0.8
"28","2024-2025","Augusta County",140,"Churchville Elementary",0,0,2,8,19,416,3,0,0,0.4,1.8,4.2,92.9,0.7,286,162,63.8,36.2,456,447,9,22.6,0.5
"29","2024-2025","Augusta County",370,"Craigsville Elementary",2,1,0,6,11,96,1,1.7,0.9,0,5.1,9.4,82.1,0.9,34,83,29.1,70.9,124,115,9,5.8,0.5
"30","2024-2025","Augusta County",842,"Edward G. Clymore Elementary",0,5,24,120,39,615,0,0,0.6,3,14.9,4.9,76.6,0,501,302,62.4,37.6,803,712,91,36.1,4.6
"31","2024-2025","Augusta County",670,"Fort Defiance High",2,4,25,93,19,588,0,0.3,0.5,3.4,12.7,2.6,80.4,0,467,264,63.9,36.1,731,689,42,34.9,2.1
"32","2024-2025","Augusta County",843,"Guy K. Stump Elementary",1,2,18,20,40,376,0,0.2,0.4,3.9,4.4,8.8,82.3,0,293,164,64.1,35.9,461,452,9,22.9,0.5
"33","2024-2025","Augusta County",40,"North River Elementary",0,0,7,31,13,171,0,0,0,3.2,14,5.9,77,0,116,106,52.3,47.7,222,205,17,10.4,0.9
"34","2024-2025","Augusta County",740,"Riverheads Elementary",0,6,17,22,42,627,0,0,0.8,2.4,3.1,5.9,87.8,0,413,301,57.8,42.2,718,709,9,35.9,0.5
"35","2024-2025","Augusta County",680,"Riverheads High",0,5,8,19,26,409,0,0,1.1,1.7,4.1,5.6,87.6,0,312,155,66.8,33.2,475,466,9,23.6,0.5
"36","2024-2025","Augusta County",70,"Riverheads Middle School",1,7,8,15,10,325,0,0.3,1.9,2.2,4.1,2.7,88.8,0,251,115,68.6,31.4,371,362,9,18.3,0.5
"37","2024-2025","Augusta County",90,"S. Gordon Stewart Middle",0,3,9,69,19,416,0,0,0.6,1.7,13.4,3.7,80.6,0,336,180,65.1,34.9,516,462,54,23.4,2.7
"38","2024-2025","Augusta County",440,"Stuarts Draft Elementary",1,3,31,64,67,479,1,0.2,0.5,4.8,9.9,10.4,74.1,0.2,391,255,60.5,39.5,646,621,25,31.4,1.3
"39","2024-2025","Augusta County",730,"Stuarts Draft High",4,13,26,51,41,533,0,0.6,1.9,3.9,7.6,6.1,79.8,0,433,235,64.8,35.2,668,652,16,33,0.8
"40","2024-2025","Augusta County",60,"Stuarts Draft Middle",0,7,19,41,49,398,0,0,1.4,3.7,8,9.5,77.4,0,336,178,65.4,34.6,514,493,21,25,1.1
"41","2024-2025","Augusta County",640,"Wilson Elementary",4,19,67,72,61,431,1,0.6,2.9,10.2,11,9.3,65.8,0.2,372,283,56.8,43.2,655,596,59,30.2,3
"42","2024-2025","Augusta County",720,"Wilson Memorial High",1,13,55,60,49,657,2,0.1,1.6,6.6,7.2,5.9,78.5,0.2,574,263,68.6,31.4,837,812,25,41.1,1.3
"43","2024-2025","Augusta County",844,"Wilson Middle",7,13,45,48,46,481,1,1.1,2,7,7.5,7.2,75,0.2,385,256,60.1,39.9,641,612,29,31,1.5
"44","2024-2025","Buckingham County",724,"Buckingham Co Elementary",2,1,118,18,38,174,0,0.6,0.3,33.6,5.1,10.8,49.6,0,154,197,43.9,56.1,351,339,12,17.2,0.6
"45","2024-2025","Buckingham County",20,"Buckingham Co Prekindergarten Center",0,0,34,3,11,55,0,0,0,33,2.9,10.7,53.4,0,92,11,89.3,10.7,103,103,0,5.2,0
"46","2024-2025","Buckingham County",723,"Buckingham Co Primary",3,1,119,15,29,193,1,0.8,0.3,33,4.2,8,53.5,0.3,179,182,49.6,50.4,362,353,9,17.9,0.5
"47","2024-2025","Buckingham County",700,"Buckingham County High",0,0,219,32,59,336,0,0,0,33.9,5,9.1,52,0,323,323,50,50,646,636,10,32.2,0.5
"48","2024-2025","Buckingham County",721,"Buckingham County Middle",1,0,124,16,42,224,0,0.2,0,30.5,3.9,10.3,55,0,188,219,46.2,53.8,407,395,12,20,0.6
"49","2024-2025","Charlottesville City",100,"Buford Middle",0,45,149,84,82,204,0,0,8,26.4,14.9,14.5,36.2,0,245,319,43.4,56.6,564,410,154,20.8,7.8
"50","2024-2025","Charlottesville City",70,"Burnley-Moran Elementary",0,4,40,45,43,167,0,0,1.3,13.4,15.1,14.4,55.9,0,202,97,67.6,32.4,299,267,32,13.5,1.6
"51","2024-2025","Charlottesville City",140,"Charlottesville High",1,98,371,206,157,607,1,0.1,6.8,25.7,14.3,10.9,42.1,0.1,717,724,49.8,50.2,1441,1130,311,57.2,15.7
"52","2024-2025","Charlottesville City",90,"Greenbrier Elementary",0,21,47,38,41,120,0,0,7.9,17.6,14.2,15.4,44.9,0,145,122,54.3,45.7,267,209,58,10.6,2.9
"53","2024-2025","Charlottesville City",120,"Jackson-Via Elementary",0,37,108,54,51,120,0,0,10,29.2,14.6,13.8,32.4,0,144,226,38.9,61.1,370,302,68,15.3,3.4
"54","2024-2025","Charlottesville City",10,"Johnson Elementary",0,28,88,47,59,105,0,0,8.6,26.9,14.4,18,32.1,0,131,196,40.1,59.9,327,248,79,12.6,4
"55","2024-2025","Charlottesville City",50,"Summit Elementary School",0,38,87,50,40,70,0,0,13.3,30.5,17.5,14,24.6,0,78,207,27.4,72.6,285,232,53,11.7,2.7
"56","2024-2025","Charlottesville City",40,"Trailblazer Elementary School",0,36,96,16,44,128,0,0,11.2,30,5,13.8,40,0,182,138,56.9,43.1,320,283,37,14.3,1.9
"57","2024-2025","Charlottesville City",110,"Walker Upper Elementary",0,40,143,74,83,230,0,0,7,25.1,13,14.6,40.4,0,271,299,47.5,52.5,570,439,131,22.2,6.6
"58","2024-2025","Fluvanna County",300,"Carysbrook Elementary",0,3,57,42,51,304,0,0,0.7,12.5,9.2,11.2,66.5,0,274,183,60,40,457,440,17,22.3,0.9
"59","2024-2025","Fluvanna County",310,"Central Elementary",0,3,111,76,108,453,0,0,0.4,14.8,10.1,14.4,60.3,0,437,314,58.2,41.8,751,727,24,36.8,1.2
"60","2024-2025","Fluvanna County",260,"Fluvanna County High",1,5,192,126,126,908,4,0.1,0.4,14.1,9.3,9.3,66.7,0.3,920,442,67.5,32.5,1362,1324,38,67,1.9
"61","2024-2025","Fluvanna County",320,"Fluvanna Middle",2,5,98,84,79,479,0,0.3,0.7,13.1,11.2,10.6,64.1,0,509,238,68.1,31.9,747,716,31,36.3,1.6
"62","2024-2025","Greene County",20,"Nathanael Greene Elementary",0,1,24,32,26,243,0,0,0.3,7.4,9.8,8,74.5,0,125,201,38.3,61.7,326,305,21,15.4,1.1
"63","2024-2025","Greene County",10,"Nathanael Greene Primary",0,2,27,43,38,257,0,0,0.5,7.4,11.7,10.4,70,0,234,133,63.8,36.2,367,355,12,18,0.6
"64","2024-2025","Greene County",30,"Ruckersville Elementary",0,13,50,99,50,328,0,0,2.4,9.3,18.3,9.3,60.7,0,352,188,65.2,34.8,540,469,71,23.7,3.6
"65","2024-2025","Greene County",72,"William Monroe High",1,20,59,149,74,650,0,0.1,2.1,6.2,15.6,7.8,68.2,0,535,418,56.1,43.9,953,890,63,45.1,3.2
"66","2024-2025","Greene County",71,"William Monroe Middle",1,7,41,98,72,376,1,0.2,1.2,6.9,16.4,12.1,63.1,0.2,298,298,50,50,596,537,59,27.2,3
"67","2024-2025","Louisa County",660,"Jouett Elementary",2,3,51,29,51,510,1,0.3,0.5,7.9,4.5,7.9,78.8,0.2,356,291,55,45,647,629,18,31.8,0.9
"68","2024-2025","Louisa County",602,"Louisa County High",1,10,244,156,123,1066,1,0.1,0.6,15.2,9.7,7.7,66.6,0.1,874,727,54.6,45.4,1601,1553,48,78.6,2.4
"69","2024-2025","Louisa County",601,"Louisa County Middle",2,14,151,93,104,867,0,0.2,1.1,12.3,7.6,8.4,70.4,0,676,555,54.9,45.1,1231,1166,65,59,3.3
"70","2024-2025","Louisa County",80,"Moss-Nuckols Elementary",2,9,127,47,74,378,0,0.3,1.4,19.9,7.4,11.6,59.3,0,396,241,62.2,37.8,637,601,36,30.4,1.8
"71","2024-2025","Louisa County",610,"Thomas Jefferson Elementary",0,2,64,71,83,452,0,0,0.3,9.5,10.6,12.4,67.3,0,344,328,51.2,48.8,672,622,50,31.5,2.5
"72","2024-2025","Louisa County",641,"Trevilians Elementary",1,0,73,47,71,354,0,0.2,0,13.4,8.6,13,64.8,0,282,264,51.6,48.4,546,528,18,26.7,0.9
"73","2024-2025","Madison County",221,"Madison County High",1,1,49,35,43,401,0,0.2,0.2,9.2,6.6,8.1,75.7,0,357,173,67.4,32.6,530,520,10,26.3,0.5
"74","2024-2025","Madison County",230,"Madison Primary",0,0,24,28,37,277,0,0,0,6.6,7.7,10.1,75.7,0,214,152,58.5,41.5,366,356,10,18,0.5
"75","2024-2025","Madison County",200,"Waverly Yowell Elementary",1,1,16,28,31,257,0,0.3,0.3,4.8,8.4,9.3,76.9,0,200,134,59.9,40.1,334,320,14,16.2,0.7
"76","2024-2025","Madison County",222,"William H. Wetsel Middle",2,1,22,28,40,263,0,0.6,0.3,6.2,7.9,11.2,73.9,0,226,130,63.5,36.5,356,338,18,17.1,0.9
"77","2024-2025","Nelson County",710,"Nelson County High",2,1,68,55,22,338,0,0.4,0.2,14,11.3,4.5,69.5,0,260,226,53.5,46.5,486,468,18,23.7,0.9
"78","2024-2025","Nelson County",730,"Nelson Middle",0,2,34,51,17,225,0,0,0.6,10.3,15.5,5.2,68.4,0,163,166,49.5,50.5,329,305,24,15.4,1.2
"79","2024-2025","Nelson County",10,"Rockfish River Elementary",0,0,17,70,9,222,0,0,0,5.3,22,2.8,69.8,0,141,177,44.3,55.7,318,288,30,14.6,1.5
"80","2024-2025","Nelson County",20,"Tye River Elementary",0,2,58,43,12,245,0,0,0.6,16.1,11.9,3.3,68.1,0,152,208,42.2,57.8,360,335,25,17,1.3
"81","2024-2025","Orange County",360,"Gordon-Barbour Elementary",4,0,55,37,34,195,1,1.2,0,16.9,11.3,10.4,59.8,0.3,148,178,45.4,54.6,326,301,25,15.2,1.3
"82","2024-2025","Orange County",70,"Lightfoot Elementary",0,1,19,38,16,148,2,0,0.4,8.5,17,7.1,66.1,0.9,118,106,52.7,47.3,224,208,16,10.5,0.8
"83","2024-2025","Orange County",50,"Locust Grove Elementary",1,7,61,102,65,283,0,0.2,1.3,11.8,19.7,12.5,54.5,0,328,191,63.2,36.8,519,489,30,24.8,1.5
"84","2024-2025","Orange County",471,"Locust Grove Middle",2,7,68,116,69,423,1,0.3,1,9.9,16.9,10.1,61.7,0.1,417,269,60.8,39.2,686,642,44,32.5,2.2
"85","2024-2025","Orange County",51,"Locust Grove Primary",1,5,42,109,67,276,0,0.2,1,8.4,21.8,13.4,55.2,0,354,146,70.8,29.2,500,469,31,23.7,1.6
"86","2024-2025","Orange County",330,"Orange County High",3,13,204,252,128,877,5,0.2,0.9,13.8,17,8.6,59.2,0.3,819,663,55.3,44.7,1482,1399,83,70.8,4.2
"87","2024-2025","Orange County",370,"Orange Elementary",1,2,132,102,97,285,2,0.2,0.3,21.3,16.4,15.6,45.9,0.3,290,331,46.7,53.3,621,559,62,28.3,3.1
"88","2024-2025","Orange County",340,"Prospect Heights Middle",0,4,67,51,67,276,1,0,0.9,14.4,10.9,14.4,59.2,0.2,227,239,48.7,51.3,466,426,40,21.6,2
"89","2024-2025","Orange County",350,"Unionville Elementary",2,0,17,31,26,178,2,0.8,0,6.6,12.1,10.2,69.5,0.8,159,97,62.1,37.9,256,237,19,12,1
"90","2024-2025","Staunton City",40,"Arthur R. Ware Elementary",3,4,40,44,62,216,3,0.8,1.1,10.8,11.8,16.7,58.1,0.8,204,168,54.8,45.2,372,351,21,17.8,1.1
"91","2024-2025","Staunton City",70,"Bessie Weller Elementary",0,8,55,44,62,203,1,0,2.1,14.7,11.8,16.6,54.4,0.3,160,213,42.9,57.1,373,340,33,17.2,1.7
"92","2024-2025","Staunton City",110,"Shelburne Middle",3,6,71,56,81,366,0,0.5,1,12.2,9.6,13.9,62.8,0,310,273,53.2,46.8,583,545,38,27.6,1.9
"93","2024-2025","Staunton City",41,"Staunton City School PreSchool Programs",0,2,33,17,19,78,0,0,1.3,22.1,11.4,12.8,52.3,0,44,105,29.5,70.5,149,149,0,7.5,0
"94","2024-2025","Staunton City",30,"Staunton High",3,11,111,76,102,464,1,0.4,1.4,14.5,9.9,13.3,60.4,0.1,448,320,58.3,41.7,768,737,31,37.3,1.6
"95","2024-2025","Staunton City",90,"Thomas C. McSwain Elementary",0,4,50,34,45,316,0,0,0.9,11.1,7.6,10,70.4,0,245,204,54.6,45.4,449,436,13,22.1,0.7
"96","2024-2025","Waynesboro City",650,"Berkeley Glenn Elementary",0,3,47,41,28,137,0,0,1.2,18.4,16,10.9,53.5,0,117,139,45.7,54.3,256,232,24,11.7,1.2
"97","2024-2025","Waynesboro City",640,"Kate Collins Middle",0,11,110,147,66,267,1,0,1.8,18.3,24.4,11,44.4,0.2,300,302,49.8,50.2,602,503,99,25.5,5
"98","2024-2025","Waynesboro City",620,"Wayne Hills Center",1,4,35,49,14,81,0,0.5,2.2,19,26.6,7.6,44,0,84,100,45.7,54.3,192,183,9,9.3,0.5
"99","2024-2025","Waynesboro City",600,"Waynesboro High",0,27,184,205,79,430,2,0,2.9,19.8,22.1,8.5,46.4,0.2,482,445,52,48,927,832,95,42.1,4.8
"100","2024-2025","Waynesboro City",580,"Wenonah Elementary",0,5,45,95,15,85,1,0,2,18.3,38.6,6.1,34.6,0.4,68,178,27.6,72.4,246,179,67,9.1,3.4
"101","2024-2025","Waynesboro City",630,"Westwood Hills Elementary",2,5,59,76,42,198,0,0.5,1.3,15.4,19.9,11,51.8,0,186,196,48.7,51.3,382,348,34,17.6,1.7
"102","2024-2025","Waynesboro City",751,"William Perry Elementary",1,12,74,99,66,195,0,0.2,2.7,16.6,22.1,14.8,43.6,0,168,279,37.6,62.4,447,387,60,19.6,3
